INSERT INTO public.users (id, email, password_hash, full_name, role, parent_user_id, birth_year, date_of_birth, updated_at)
VALUES
  ('usr_parent_001', 'parent@test.com', '$2a$10$sI6h18v2ahW1mj6MFP62ru6M8Ur5eM6VQXXRrwOx2pXo2xkN/yXY6', 'Test Parent', 'parent', NULL, NULL, NULL, now()),
  ('usr_parent_002', 'demo@test.com', '$2a$10$sI6h18v2ahW1mj6MFP62ru6M8Ur5eM6VQXXRrwOx2pXo2xkN/yXY6', 'Demo Parent', 'parent', NULL, NULL, NULL, now()),
  ('usr_child_001', 'alex.child.seed@child.kidscareerdecoder.internal', '$2a$10$4SsaUatNKUe7nKiJc1.WAujcaf43NGKRDOfFzKEosV5gJcGC/d.jy', 'Alex', 'child', 'usr_parent_001', 2014, '2014-03-15', now()),
  ('usr_child_002', 'maya.child.seed@child.kidscareerdecoder.internal', '$2a$10$4SsaUatNKUe7nKiJc1.WAujcaf43NGKRDOfFzKEosV5gJcGC/d.jy', 'Maya', 'child', 'usr_parent_001', 2016, '2016-07-22', now()),
  ('usr_child_003', 'sam.child.seed@child.kidscareerdecoder.internal', '$2a$10$4SsaUatNKUe7nKiJc1.WAujcaf43NGKRDOfFzKEosV5gJcGC/d.jy', 'Sam', 'child', 'usr_parent_002', 2013, '2013-11-08', now())
ON CONFLICT (id) DO UPDATE SET
  email = EXCLUDED.email,
  password_hash = EXCLUDED.password_hash,
  full_name = EXCLUDED.full_name,
  role = EXCLUDED.role,
  parent_user_id = EXCLUDED.parent_user_id,
  birth_year = EXCLUDED.birth_year,
  date_of_birth = EXCLUDED.date_of_birth,
  updated_at = EXCLUDED.updated_at;

INSERT INTO public.quizzes (id, slug, title, description, created_by_user_id, default_difficulty, time_per_question_seconds, is_published, updated_at)
VALUES (
  'quiz_001',
  'discover-your-strengths',
  'Discover Your Strengths',
  'Fun scenario questions that help map your sparkle strengths.',
  'usr_parent_001',
  0.5,
  60,
  true,
  now()
)
ON CONFLICT (id) DO UPDATE SET
  slug = EXCLUDED.slug,
  title = EXCLUDED.title,
  description = EXCLUDED.description,
  is_published = EXCLUDED.is_published,
  time_per_question_seconds = EXCLUDED.time_per_question_seconds,
  updated_at = EXCLUDED.updated_at;

INSERT INTO public.careers (id, title, aptitude_type, sort_order) VALUES
  ('seed_car_l1', 'Software Engineer', 'logical', 1),
  ('seed_car_l2', 'Data Scientist', 'logical', 2),
  ('seed_car_l3', 'Accountant', 'logical', 3),
  ('seed_car_l4', 'Mathematician', 'logical', 4),
  ('seed_car_c1', 'Animator', 'creative', 1),
  ('seed_car_c2', 'Graphic Designer', 'creative', 2),
  ('seed_car_c3', 'Film Director', 'creative', 3),
  ('seed_car_c4', 'Fashion Designer', 'creative', 4),
  ('seed_car_v1', 'Journalist', 'verbal', 1),
  ('seed_car_v2', 'Author', 'verbal', 2),
  ('seed_car_v3', 'Lawyer', 'verbal', 3),
  ('seed_car_v4', 'Translator', 'verbal', 4),
  ('seed_car_s1', 'Teacher', 'social', 1),
  ('seed_car_s2', 'Counsellor', 'social', 2),
  ('seed_car_s3', 'Social Worker', 'social', 3),
  ('seed_car_s4', 'Event Planner', 'social', 4),
  ('seed_car_sc1', 'Marine Biologist', 'scientific', 1),
  ('seed_car_sc2', 'Astronomer', 'scientific', 2),
  ('seed_car_sc3', 'Pharmacist', 'scientific', 3),
  ('seed_car_sc4', 'Environmental Scientist', 'scientific', 4),
  ('seed_car_p1', 'Architect', 'practical', 1),
  ('seed_car_p2', 'Civil Engineer', 'practical', 2),
  ('seed_car_p3', 'Surgeon', 'practical', 3),
  ('seed_car_p4', 'Mechanic', 'practical', 4)
ON CONFLICT (id) DO UPDATE SET title = EXCLUDED.title, aptitude_type = EXCLUDED.aptitude_type, sort_order = EXCLUDED.sort_order;

INSERT INTO public.questions (id, quiz_id, body, order_index, difficulty_level, aptitude_tag) VALUES ('q001', 'quiz_001', 'You find a broken toy on the ground. What do you do?', 1, 0.5, NULL) ON CONFLICT (id) DO UPDATE SET body = EXCLUDED.body, order_index = EXCLUDED.order_index;
INSERT INTO public.question_options (id, question_id, label, aptitude_type, order_index, is_correct) VALUES ('opt_q001_a', 'q001', 'Figure out what snapped and try to repair it', 'logical', 1, NULL) ON CONFLICT (id) DO UPDATE SET label = EXCLUDED.label, aptitude_type = EXCLUDED.aptitude_type, order_index = EXCLUDED.order_index;
INSERT INTO public.question_options (id, question_id, label, aptitude_type, order_index, is_correct) VALUES ('opt_q001_b', 'q001', 'Turn it into a brand-new character for pretend play', 'creative', 2, NULL) ON CONFLICT (id) DO UPDATE SET label = EXCLUDED.label, aptitude_type = EXCLUDED.aptitude_type, order_index = EXCLUDED.order_index;
INSERT INTO public.question_options (id, question_id, label, aptitude_type, order_index, is_correct) VALUES ('opt_q001_c', 'q001', 'Make up a silly story about how it got broken', 'verbal', 3, NULL) ON CONFLICT (id) DO UPDATE SET label = EXCLUDED.label, aptitude_type = EXCLUDED.aptitude_type, order_index = EXCLUDED.order_index;
INSERT INTO public.question_options (id, question_id, label, aptitude_type, order_index, is_correct) VALUES ('opt_q001_d', 'q001', 'Ask nearby friends if it belongs to anyone', 'social', 4, NULL) ON CONFLICT (id) DO UPDATE SET label = EXCLUDED.label, aptitude_type = EXCLUDED.aptitude_type, order_index = EXCLUDED.order_index;
INSERT INTO public.questions (id, quiz_id, body, order_index, difficulty_level, aptitude_tag) VALUES ('q002', 'quiz_001', 'A rainy Saturday traps you inside. What sounds best?', 2, 0.5, NULL) ON CONFLICT (id) DO UPDATE SET body = EXCLUDED.body, order_index = EXCLUDED.order_index;
INSERT INTO public.question_options (id, question_id, label, aptitude_type, order_index, is_correct) VALUES ('opt_q002_a', 'q002', 'Sort your games by size and plan what to play first', 'logical', 1, NULL) ON CONFLICT (id) DO UPDATE SET label = EXCLUDED.label, aptitude_type = EXCLUDED.aptitude_type, order_index = EXCLUDED.order_index;
INSERT INTO public.question_options (id, question_id, label, aptitude_type, order_index, is_correct) VALUES ('opt_q002_b', 'q002', 'Build a blanket fort city with secret tunnels', 'practical', 2, NULL) ON CONFLICT (id) DO UPDATE SET label = EXCLUDED.label, aptitude_type = EXCLUDED.aptitude_type, order_index = EXCLUDED.order_index;
INSERT INTO public.question_options (id, question_id, label, aptitude_type, order_index, is_correct) VALUES ('opt_q002_c', 'q002', 'Record a weather report as a pretend news anchor', 'verbal', 3, NULL) ON CONFLICT (id) DO UPDATE SET label = EXCLUDED.label, aptitude_type = EXCLUDED.aptitude_type, order_index = EXCLUDED.order_index;
INSERT INTO public.question_options (id, question_id, label, aptitude_type, order_index, is_correct) VALUES ('opt_q002_d', 'q002', 'Invite everyone to vote on the next group activity', 'social', 4, NULL) ON CONFLICT (id) DO UPDATE SET label = EXCLUDED.label, aptitude_type = EXCLUDED.aptitude_type, order_index = EXCLUDED.order_index;
INSERT INTO public.questions (id, quiz_id, body, order_index, difficulty_level, aptitude_tag) VALUES ('q003', 'quiz_001', 'A new kid looks shy at lunch. What is your move?', 3, 0.5, NULL) ON CONFLICT (id) DO UPDATE SET body = EXCLUDED.body, order_index = EXCLUDED.order_index;
INSERT INTO public.question_options (id, question_id, label, aptitude_type, order_index, is_correct) VALUES ('opt_q003_a', 'q003', 'Share a clear plan for where to sit and what to try', 'logical', 1, NULL) ON CONFLICT (id) DO UPDATE SET label = EXCLUDED.label, aptitude_type = EXCLUDED.aptitude_type, order_index = EXCLUDED.order_index;
INSERT INTO public.question_options (id, question_id, label, aptitude_type, order_index, is_correct) VALUES ('opt_q003_b', 'q003', 'Draw a funny welcome comic on a napkin', 'creative', 2, NULL) ON CONFLICT (id) DO UPDATE SET label = EXCLUDED.label, aptitude_type = EXCLUDED.aptitude_type, order_index = EXCLUDED.order_index;
INSERT INTO public.question_options (id, question_id, label, aptitude_type, order_index, is_correct) VALUES ('opt_q003_c', 'q003', 'Tell a joke to break the ice', 'verbal', 3, NULL) ON CONFLICT (id) DO UPDATE SET label = EXCLUDED.label, aptitude_type = EXCLUDED.aptitude_type, order_index = EXCLUDED.order_index;
INSERT INTO public.question_options (id, question_id, label, aptitude_type, order_index, is_correct) VALUES ('opt_q003_d', 'q003', 'Sit with them and introduce your friends', 'social', 4, NULL) ON CONFLICT (id) DO UPDATE SET label = EXCLUDED.label, aptitude_type = EXCLUDED.aptitude_type, order_index = EXCLUDED.order_index;
INSERT INTO public.questions (id, quiz_id, body, order_index, difficulty_level, aptitude_tag) VALUES ('q004', 'quiz_001', 'The class pet looks extra wiggly today. What happens next?', 4, 0.5, NULL) ON CONFLICT (id) DO UPDATE SET body = EXCLUDED.body, order_index = EXCLUDED.order_index;
INSERT INTO public.question_options (id, question_id, label, aptitude_type, order_index, is_correct) VALUES ('opt_q004_a', 'q004', 'Track what it does every minute in a simple chart', 'scientific', 1, NULL) ON CONFLICT (id) DO UPDATE SET label = EXCLUDED.label, aptitude_type = EXCLUDED.aptitude_type, order_index = EXCLUDED.order_index;
INSERT INTO public.question_options (id, question_id, label, aptitude_type, order_index, is_correct) VALUES ('opt_q004_b', 'q004', 'Design a safer castle home with paper tubes', 'practical', 2, NULL) ON CONFLICT (id) DO UPDATE SET label = EXCLUDED.label, aptitude_type = EXCLUDED.aptitude_type, order_index = EXCLUDED.order_index;
INSERT INTO public.question_options (id, question_id, label, aptitude_type, order_index, is_correct) VALUES ('opt_q004_c', 'q004', 'Write a one-page adventure starring the pet', 'verbal', 3, NULL) ON CONFLICT (id) DO UPDATE SET label = EXCLUDED.label, aptitude_type = EXCLUDED.aptitude_type, order_index = EXCLUDED.order_index;
INSERT INTO public.question_options (id, question_id, label, aptitude_type, order_index, is_correct) VALUES ('opt_q004_d', 'q004', 'Teach a partner how to hold it gently', 'social', 4, NULL) ON CONFLICT (id) DO UPDATE SET label = EXCLUDED.label, aptitude_type = EXCLUDED.aptitude_type, order_index = EXCLUDED.order_index;
INSERT INTO public.questions (id, quiz_id, body, order_index, difficulty_level, aptitude_tag) VALUES ('q005', 'quiz_001', 'You forgot your homework at home. What do you try?', 5, 0.5, NULL) ON CONFLICT (id) DO UPDATE SET body = EXCLUDED.body, order_index = EXCLUDED.order_index;
INSERT INTO public.question_options (id, question_id, label, aptitude_type, order_index, is_correct) VALUES ('opt_q005_a', 'q005', 'List exactly what you finished and what is left', 'logical', 1, NULL) ON CONFLICT (id) DO UPDATE SET label = EXCLUDED.label, aptitude_type = EXCLUDED.aptitude_type, order_index = EXCLUDED.order_index;
INSERT INTO public.question_options (id, question_id, label, aptitude_type, order_index, is_correct) VALUES ('opt_q005_b', 'q005', 'Sketch a funny excuse comic your teacher might like', 'creative', 2, NULL) ON CONFLICT (id) DO UPDATE SET label = EXCLUDED.label, aptitude_type = EXCLUDED.aptitude_type, order_index = EXCLUDED.order_index;
INSERT INTO public.question_options (id, question_id, label, aptitude_type, order_index, is_correct) VALUES ('opt_q005_c', 'q005', 'Explain out loud what you learned yesterday', 'verbal', 3, NULL) ON CONFLICT (id) DO UPDATE SET label = EXCLUDED.label, aptitude_type = EXCLUDED.aptitude_type, order_index = EXCLUDED.order_index;
INSERT INTO public.question_options (id, question_id, label, aptitude_type, order_index, is_correct) VALUES ('opt_q005_d', 'q005', 'Ask a friend to help you redo it at recess', 'social', 4, NULL) ON CONFLICT (id) DO UPDATE SET label = EXCLUDED.label, aptitude_type = EXCLUDED.aptitude_type, order_index = EXCLUDED.order_index;
INSERT INTO public.questions (id, quiz_id, body, order_index, difficulty_level, aptitude_tag) VALUES ('q006', 'quiz_001', 'The talent show sign-up sheet is almost full. What do you pick?', 6, 0.5, NULL) ON CONFLICT (id) DO UPDATE SET body = EXCLUDED.body, order_index = EXCLUDED.order_index;
INSERT INTO public.question_options (id, question_id, label, aptitude_type, order_index, is_correct) VALUES ('opt_q006_a', 'q006', 'Pick the act with the clearest steps to practice', 'logical', 1, NULL) ON CONFLICT (id) DO UPDATE SET label = EXCLUDED.label, aptitude_type = EXCLUDED.aptitude_type, order_index = EXCLUDED.order_index;
INSERT INTO public.question_options (id, question_id, label, aptitude_type, order_index, is_correct) VALUES ('opt_q006_b', 'q006', 'Create a mash-up dance no one has tried yet', 'creative', 2, NULL) ON CONFLICT (id) DO UPDATE SET label = EXCLUDED.label, aptitude_type = EXCLUDED.aptitude_type, order_index = EXCLUDED.order_index;
INSERT INTO public.question_options (id, question_id, label, aptitude_type, order_index, is_correct) VALUES ('opt_q006_c', 'q006', 'Tell a short story with voices and sound effects', 'verbal', 3, NULL) ON CONFLICT (id) DO UPDATE SET label = EXCLUDED.label, aptitude_type = EXCLUDED.aptitude_type, order_index = EXCLUDED.order_index;
INSERT INTO public.question_options (id, question_id, label, aptitude_type, order_index, is_correct) VALUES ('opt_q006_d', 'q006', 'Form a group act so nobody performs alone', 'social', 4, NULL) ON CONFLICT (id) DO UPDATE SET label = EXCLUDED.label, aptitude_type = EXCLUDED.aptitude_type, order_index = EXCLUDED.order_index;
INSERT INTO public.questions (id, quiz_id, body, order_index, difficulty_level, aptitude_tag) VALUES ('q007', 'quiz_001', 'Your lunch box goes missing. What is your plan?', 7, 0.5, NULL) ON CONFLICT (id) DO UPDATE SET body = EXCLUDED.body, order_index = EXCLUDED.order_index;
INSERT INTO public.question_options (id, question_id, label, aptitude_type, order_index, is_correct) VALUES ('opt_q007_a', 'q007', 'Retrace your steps with a tiny map of where you went', 'logical', 1, NULL) ON CONFLICT (id) DO UPDATE SET label = EXCLUDED.label, aptitude_type = EXCLUDED.aptitude_type, order_index = EXCLUDED.order_index;
INSERT INTO public.question_options (id, question_id, label, aptitude_type, order_index, is_correct) VALUES ('opt_q007_b', 'q007', 'Make a missing poster with a silly mascot', 'creative', 2, NULL) ON CONFLICT (id) DO UPDATE SET label = EXCLUDED.label, aptitude_type = EXCLUDED.aptitude_type, order_index = EXCLUDED.order_index;
INSERT INTO public.question_options (id, question_id, label, aptitude_type, order_index, is_correct) VALUES ('opt_q007_c', 'q007', 'Announce politely that you are looking for it', 'verbal', 3, NULL) ON CONFLICT (id) DO UPDATE SET label = EXCLUDED.label, aptitude_type = EXCLUDED.aptitude_type, order_index = EXCLUDED.order_index;
INSERT INTO public.question_options (id, question_id, label, aptitude_type, order_index, is_correct) VALUES ('opt_q007_d', 'q007', 'Check with the office and your table team', 'social', 4, NULL) ON CONFLICT (id) DO UPDATE SET label = EXCLUDED.label, aptitude_type = EXCLUDED.aptitude_type, order_index = EXCLUDED.order_index;
INSERT INTO public.questions (id, quiz_id, body, order_index, difficulty_level, aptitude_tag) VALUES ('q008', 'quiz_001', 'You get to design a treehouse. What is step one?', 8, 0.5, NULL) ON CONFLICT (id) DO UPDATE SET body = EXCLUDED.body, order_index = EXCLUDED.order_index;
INSERT INTO public.question_options (id, question_id, label, aptitude_type, order_index, is_correct) VALUES ('opt_q008_a', 'q008', 'Measure the branches you can safely use', 'practical', 1, NULL) ON CONFLICT (id) DO UPDATE SET label = EXCLUDED.label, aptitude_type = EXCLUDED.aptitude_type, order_index = EXCLUDED.order_index;
INSERT INTO public.question_options (id, question_id, label, aptitude_type, order_index, is_correct) VALUES ('opt_q008_b', 'q008', 'Dream up a slide that spirals through the leaves', 'creative', 2, NULL) ON CONFLICT (id) DO UPDATE SET label = EXCLUDED.label, aptitude_type = EXCLUDED.aptitude_type, order_index = EXCLUDED.order_index;
INSERT INTO public.question_options (id, question_id, label, aptitude_type, order_index, is_correct) VALUES ('opt_q008_c', 'q008', 'Name the treehouse and write its rules', 'verbal', 3, NULL) ON CONFLICT (id) DO UPDATE SET label = EXCLUDED.label, aptitude_type = EXCLUDED.aptitude_type, order_index = EXCLUDED.order_index;
INSERT INTO public.question_options (id, question_id, label, aptitude_type, order_index, is_correct) VALUES ('opt_q008_d', 'q008', 'Host a vote for paint colors with your crew', 'social', 4, NULL) ON CONFLICT (id) DO UPDATE SET label = EXCLUDED.label, aptitude_type = EXCLUDED.aptitude_type, order_index = EXCLUDED.order_index;
INSERT INTO public.questions (id, quiz_id, body, order_index, difficulty_level, aptitude_tag) VALUES ('q009', 'quiz_001', 'Two friends argue about the rules of a game. What do you do?', 9, 0.5, NULL) ON CONFLICT (id) DO UPDATE SET body = EXCLUDED.body, order_index = EXCLUDED.order_index;
INSERT INTO public.question_options (id, question_id, label, aptitude_type, order_index, is_correct) VALUES ('opt_q009_a', 'q009', 'Rewrite the rules so both sides can agree', 'logical', 1, NULL) ON CONFLICT (id) DO UPDATE SET label = EXCLUDED.label, aptitude_type = EXCLUDED.aptitude_type, order_index = EXCLUDED.order_index;
INSERT INTO public.question_options (id, question_id, label, aptitude_type, order_index, is_correct) VALUES ('opt_q009_b', 'q009', 'Invent a brand-new mini-game as a tiebreaker', 'creative', 2, NULL) ON CONFLICT (id) DO UPDATE SET label = EXCLUDED.label, aptitude_type = EXCLUDED.aptitude_type, order_index = EXCLUDED.order_index;
INSERT INTO public.question_options (id, question_id, label, aptitude_type, order_index, is_correct) VALUES ('opt_q009_c', 'q009', 'Explain each side back to them in calm words', 'verbal', 3, NULL) ON CONFLICT (id) DO UPDATE SET label = EXCLUDED.label, aptitude_type = EXCLUDED.aptitude_type, order_index = EXCLUDED.order_index;
INSERT INTO public.question_options (id, question_id, label, aptitude_type, order_index, is_correct) VALUES ('opt_q009_d', 'q009', 'Help them take turns being the referee', 'social', 4, NULL) ON CONFLICT (id) DO UPDATE SET label = EXCLUDED.label, aptitude_type = EXCLUDED.aptitude_type, order_index = EXCLUDED.order_index;
INSERT INTO public.questions (id, quiz_id, body, order_index, difficulty_level, aptitude_tag) VALUES ('q010', 'quiz_001', 'Science fair is coming. What project calls you?', 10, 0.5, NULL) ON CONFLICT (id) DO UPDATE SET body = EXCLUDED.body, order_index = EXCLUDED.order_index;
INSERT INTO public.question_options (id, question_id, label, aptitude_type, order_index, is_correct) VALUES ('opt_q010_a', 'q010', 'Test which ramp angle makes a toy car go farthest', 'scientific', 1, NULL) ON CONFLICT (id) DO UPDATE SET label = EXCLUDED.label, aptitude_type = EXCLUDED.aptitude_type, order_index = EXCLUDED.order_index;
INSERT INTO public.question_options (id, question_id, label, aptitude_type, order_index, is_correct) VALUES ('opt_q010_b', 'q010', 'Build a glowing cardboard city for night photos', 'creative', 2, NULL) ON CONFLICT (id) DO UPDATE SET label = EXCLUDED.label, aptitude_type = EXCLUDED.aptitude_type, order_index = EXCLUDED.order_index;
INSERT INTO public.question_options (id, question_id, label, aptitude_type, order_index, is_correct) VALUES ('opt_q010_c', 'q010', 'Make a poster that explains your idea in simple words', 'verbal', 3, NULL) ON CONFLICT (id) DO UPDATE SET label = EXCLUDED.label, aptitude_type = EXCLUDED.aptitude_type, order_index = EXCLUDED.order_index;
INSERT INTO public.question_options (id, question_id, label, aptitude_type, order_index, is_correct) VALUES ('opt_q010_d', 'q010', 'Interview family members about what they wonder', 'social', 4, NULL) ON CONFLICT (id) DO UPDATE SET label = EXCLUDED.label, aptitude_type = EXCLUDED.aptitude_type, order_index = EXCLUDED.order_index;
INSERT INTO public.questions (id, quiz_id, body, order_index, difficulty_level, aptitude_tag) VALUES ('q011', 'quiz_001', 'Your room is a creative mess. How do you tackle it?', 11, 0.5, NULL) ON CONFLICT (id) DO UPDATE SET body = EXCLUDED.body, order_index = EXCLUDED.order_index;
INSERT INTO public.question_options (id, question_id, label, aptitude_type, order_index, is_correct) VALUES ('opt_q011_a', 'q011', 'Sort everything into keep, donate, and recycle piles', 'logical', 1, NULL) ON CONFLICT (id) DO UPDATE SET label = EXCLUDED.label, aptitude_type = EXCLUDED.aptitude_type, order_index = EXCLUDED.order_index;
INSERT INTO public.question_options (id, question_id, label, aptitude_type, order_index, is_correct) VALUES ('opt_q011_b', 'q011', 'Turn cleanup into a timed treasure hunt game', 'creative', 2, NULL) ON CONFLICT (id) DO UPDATE SET label = EXCLUDED.label, aptitude_type = EXCLUDED.aptitude_type, order_index = EXCLUDED.order_index;
INSERT INTO public.question_options (id, question_id, label, aptitude_type, order_index, is_correct) VALUES ('opt_q011_c', 'q011', 'Narrate the cleanup like a sports announcer', 'verbal', 3, NULL) ON CONFLICT (id) DO UPDATE SET label = EXCLUDED.label, aptitude_type = EXCLUDED.aptitude_type, order_index = EXCLUDED.order_index;
INSERT INTO public.question_options (id, question_id, label, aptitude_type, order_index, is_correct) VALUES ('opt_q011_d', 'q011', 'Offer trades so siblings help for ten minutes', 'social', 4, NULL) ON CONFLICT (id) DO UPDATE SET label = EXCLUDED.label, aptitude_type = EXCLUDED.aptitude_type, order_index = EXCLUDED.order_index;
INSERT INTO public.questions (id, quiz_id, body, order_index, difficulty_level, aptitude_tag) VALUES ('q012', 'quiz_001', 'Camping trip packing time. What is your style?', 12, 0.5, NULL) ON CONFLICT (id) DO UPDATE SET body = EXCLUDED.body, order_index = EXCLUDED.order_index;
INSERT INTO public.question_options (id, question_id, label, aptitude_type, order_index, is_correct) VALUES ('opt_q012_a', 'q012', 'Check the weather list and pack layers in order', 'scientific', 1, NULL) ON CONFLICT (id) DO UPDATE SET label = EXCLUDED.label, aptitude_type = EXCLUDED.aptitude_type, order_index = EXCLUDED.order_index;
INSERT INTO public.question_options (id, question_id, label, aptitude_type, order_index, is_correct) VALUES ('opt_q012_b', 'q012', 'Decorate your water bottle so it never gets mixed up', 'creative', 2, NULL) ON CONFLICT (id) DO UPDATE SET label = EXCLUDED.label, aptitude_type = EXCLUDED.aptitude_type, order_index = EXCLUDED.order_index;
INSERT INTO public.question_options (id, question_id, label, aptitude_type, order_index, is_correct) VALUES ('opt_q012_c', 'q012', 'Write a silly packing song you can sing twice', 'verbal', 3, NULL) ON CONFLICT (id) DO UPDATE SET label = EXCLUDED.label, aptitude_type = EXCLUDED.aptitude_type, order_index = EXCLUDED.order_index;
INSERT INTO public.question_options (id, question_id, label, aptitude_type, order_index, is_correct) VALUES ('opt_q012_d', 'q012', 'Split jobs so everyone packs one shared item', 'practical', 4, NULL) ON CONFLICT (id) DO UPDATE SET label = EXCLUDED.label, aptitude_type = EXCLUDED.aptitude_type, order_index = EXCLUDED.order_index;
INSERT INTO public.questions (id, quiz_id, body, order_index, difficulty_level, aptitude_tag) VALUES ('q013', 'quiz_001', 'A video game level keeps beating you. What now?', 13, 0.5, NULL) ON CONFLICT (id) DO UPDATE SET body = EXCLUDED.body, order_index = EXCLUDED.order_index;
INSERT INTO public.question_options (id, question_id, label, aptitude_type, order_index, is_correct) VALUES ('opt_q013_a', 'q013', 'Study the pattern and try one new strategy per round', 'logical', 1, NULL) ON CONFLICT (id) DO UPDATE SET label = EXCLUDED.label, aptitude_type = EXCLUDED.aptitude_type, order_index = EXCLUDED.order_index;
INSERT INTO public.question_options (id, question_id, label, aptitude_type, order_index, is_correct) VALUES ('opt_q013_b', 'q013', 'Redesign your character with wild new gear', 'creative', 2, NULL) ON CONFLICT (id) DO UPDATE SET label = EXCLUDED.label, aptitude_type = EXCLUDED.aptitude_type, order_index = EXCLUDED.order_index;
INSERT INTO public.question_options (id, question_id, label, aptitude_type, order_index, is_correct) VALUES ('opt_q013_c', 'q013', 'Watch a short guide and explain the trick to a friend', 'verbal', 3, NULL) ON CONFLICT (id) DO UPDATE SET label = EXCLUDED.label, aptitude_type = EXCLUDED.aptitude_type, order_index = EXCLUDED.order_index;
INSERT INTO public.question_options (id, question_id, label, aptitude_type, order_index, is_correct) VALUES ('opt_q013_d', 'q013', 'Co-op with someone who likes different skills', 'social', 4, NULL) ON CONFLICT (id) DO UPDATE SET label = EXCLUDED.label, aptitude_type = EXCLUDED.aptitude_type, order_index = EXCLUDED.order_index;
INSERT INTO public.questions (id, quiz_id, body, order_index, difficulty_level, aptitude_tag) VALUES ('q014', 'quiz_001', 'The park has litter near the swings. What do you do?', 14, 0.5, NULL) ON CONFLICT (id) DO UPDATE SET body = EXCLUDED.body, order_index = EXCLUDED.order_index;
INSERT INTO public.question_options (id, question_id, label, aptitude_type, order_index, is_correct) VALUES ('opt_q014_a', 'q014', 'Count pieces and estimate how long cleanup will take', 'scientific', 1, NULL) ON CONFLICT (id) DO UPDATE SET label = EXCLUDED.label, aptitude_type = EXCLUDED.aptitude_type, order_index = EXCLUDED.order_index;
INSERT INTO public.question_options (id, question_id, label, aptitude_type, order_index, is_correct) VALUES ('opt_q014_b', 'q014', 'Build a recycle monster bin that makes people smile', 'creative', 2, NULL) ON CONFLICT (id) DO UPDATE SET label = EXCLUDED.label, aptitude_type = EXCLUDED.aptitude_type, order_index = EXCLUDED.order_index;
INSERT INTO public.question_options (id, question_id, label, aptitude_type, order_index, is_correct) VALUES ('opt_q014_c', 'q014', 'Make a friendly sign with rhymes about litter', 'verbal', 3, NULL) ON CONFLICT (id) DO UPDATE SET label = EXCLUDED.label, aptitude_type = EXCLUDED.aptitude_type, order_index = EXCLUDED.order_index;
INSERT INTO public.question_options (id, question_id, label, aptitude_type, order_index, is_correct) VALUES ('opt_q014_d', 'q014', 'Gather a cleanup squad with gloves for everyone', 'social', 4, NULL) ON CONFLICT (id) DO UPDATE SET label = EXCLUDED.label, aptitude_type = EXCLUDED.aptitude_type, order_index = EXCLUDED.order_index;
INSERT INTO public.questions (id, quiz_id, body, order_index, difficulty_level, aptitude_tag) VALUES ('q015', 'quiz_001', 'You need a birthday gift for your sibling. What is your idea?', 15, 0.5, NULL) ON CONFLICT (id) DO UPDATE SET body = EXCLUDED.body, order_index = EXCLUDED.order_index;
INSERT INTO public.question_options (id, question_id, label, aptitude_type, order_index, is_correct) VALUES ('opt_q015_a', 'q015', 'Build a coupon book with clear promises', 'practical', 1, NULL) ON CONFLICT (id) DO UPDATE SET label = EXCLUDED.label, aptitude_type = EXCLUDED.aptitude_type, order_index = EXCLUDED.order_index;
INSERT INTO public.question_options (id, question_id, label, aptitude_type, order_index, is_correct) VALUES ('opt_q015_b', 'q015', 'Craft a surprise box with clues inside', 'creative', 2, NULL) ON CONFLICT (id) DO UPDATE SET label = EXCLUDED.label, aptitude_type = EXCLUDED.aptitude_type, order_index = EXCLUDED.order_index;
INSERT INTO public.question_options (id, question_id, label, aptitude_type, order_index, is_correct) VALUES ('opt_q015_c', 'q015', 'Write a poem about your favorite memory together', 'verbal', 3, NULL) ON CONFLICT (id) DO UPDATE SET label = EXCLUDED.label, aptitude_type = EXCLUDED.aptitude_type, order_index = EXCLUDED.order_index;
INSERT INTO public.question_options (id, question_id, label, aptitude_type, order_index, is_correct) VALUES ('opt_q015_d', 'q015', 'Plan a mini party with their two best friends', 'social', 4, NULL) ON CONFLICT (id) DO UPDATE SET label = EXCLUDED.label, aptitude_type = EXCLUDED.aptitude_type, order_index = EXCLUDED.order_index;
INSERT INTO public.questions (id, quiz_id, body, order_index, difficulty_level, aptitude_tag) VALUES ('q016', 'quiz_001', 'Your sports team is losing every game. What helps?', 16, 0.5, NULL) ON CONFLICT (id) DO UPDATE SET body = EXCLUDED.body, order_index = EXCLUDED.order_index;
INSERT INTO public.question_options (id, question_id, label, aptitude_type, order_index, is_correct) VALUES ('opt_q016_a', 'q016', 'Track small improvements like passes completed', 'scientific', 1, NULL) ON CONFLICT (id) DO UPDATE SET label = EXCLUDED.label, aptitude_type = EXCLUDED.aptitude_type, order_index = EXCLUDED.order_index;
INSERT INTO public.question_options (id, question_id, label, aptitude_type, order_index, is_correct) VALUES ('opt_q016_b', 'q016', 'Design a new cheer that lifts the bench', 'creative', 2, NULL) ON CONFLICT (id) DO UPDATE SET label = EXCLUDED.label, aptitude_type = EXCLUDED.aptitude_type, order_index = EXCLUDED.order_index;
INSERT INTO public.question_options (id, question_id, label, aptitude_type, order_index, is_correct) VALUES ('opt_q016_c', 'q016', 'Give a pep talk that names one bright moment each game', 'verbal', 3, NULL) ON CONFLICT (id) DO UPDATE SET label = EXCLUDED.label, aptitude_type = EXCLUDED.aptitude_type, order_index = EXCLUDED.order_index;
INSERT INTO public.question_options (id, question_id, label, aptitude_type, order_index, is_correct) VALUES ('opt_q016_d', 'q016', 'Organize a snack rotation so everyone feels included', 'social', 4, NULL) ON CONFLICT (id) DO UPDATE SET label = EXCLUDED.label, aptitude_type = EXCLUDED.aptitude_type, order_index = EXCLUDED.order_index;
INSERT INTO public.questions (id, quiz_id, body, order_index, difficulty_level, aptitude_tag) VALUES ('q017', 'quiz_001', 'The kitchen invites you to cook. What role fits you?', 17, 0.5, NULL) ON CONFLICT (id) DO UPDATE SET body = EXCLUDED.body, order_index = EXCLUDED.order_index;
INSERT INTO public.question_options (id, question_id, label, aptitude_type, order_index, is_correct) VALUES ('opt_q017_a', 'q017', 'Read the recipe twice and set up ingredients in order', 'logical', 1, NULL) ON CONFLICT (id) DO UPDATE SET label = EXCLUDED.label, aptitude_type = EXCLUDED.aptitude_type, order_index = EXCLUDED.order_index;
INSERT INTO public.question_options (id, question_id, label, aptitude_type, order_index, is_correct) VALUES ('opt_q017_b', 'q017', 'Plate the food like a tiny restaurant chef', 'practical', 2, NULL) ON CONFLICT (id) DO UPDATE SET label = EXCLUDED.label, aptitude_type = EXCLUDED.aptitude_type, order_index = EXCLUDED.order_index;
INSERT INTO public.question_options (id, question_id, label, aptitude_type, order_index, is_correct) VALUES ('opt_q017_c', 'q017', 'Tell the story of each ingredient while you stir', 'verbal', 3, NULL) ON CONFLICT (id) DO UPDATE SET label = EXCLUDED.label, aptitude_type = EXCLUDED.aptitude_type, order_index = EXCLUDED.order_index;
INSERT INTO public.question_options (id, question_id, label, aptitude_type, order_index, is_correct) VALUES ('opt_q017_d', 'q017', 'Assign everyone a job so the table feels fair', 'social', 4, NULL) ON CONFLICT (id) DO UPDATE SET label = EXCLUDED.label, aptitude_type = EXCLUDED.aptitude_type, order_index = EXCLUDED.order_index;
INSERT INTO public.questions (id, quiz_id, body, order_index, difficulty_level, aptitude_tag) VALUES ('q018', 'quiz_001', 'A museum trip is tomorrow. What are you excited to do?', 18, 0.5, NULL) ON CONFLICT (id) DO UPDATE SET body = EXCLUDED.body, order_index = EXCLUDED.order_index;
INSERT INTO public.question_options (id, question_id, label, aptitude_type, order_index, is_correct) VALUES ('opt_q018_a', 'q018', 'Map the exhibits you want in time order', 'logical', 1, NULL) ON CONFLICT (id) DO UPDATE SET label = EXCLUDED.label, aptitude_type = EXCLUDED.aptitude_type, order_index = EXCLUDED.order_index;
INSERT INTO public.question_options (id, question_id, label, aptitude_type, order_index, is_correct) VALUES ('opt_q018_b', 'q018', 'Sketch inventions inspired by what you see', 'creative', 2, NULL) ON CONFLICT (id) DO UPDATE SET label = EXCLUDED.label, aptitude_type = EXCLUDED.aptitude_type, order_index = EXCLUDED.order_index;
INSERT INTO public.question_options (id, question_id, label, aptitude_type, order_index, is_correct) VALUES ('opt_q018_c', 'q018', 'Prepare three questions for a guide or parent', 'verbal', 3, NULL) ON CONFLICT (id) DO UPDATE SET label = EXCLUDED.label, aptitude_type = EXCLUDED.aptitude_type, order_index = EXCLUDED.order_index;
INSERT INTO public.question_options (id, question_id, label, aptitude_type, order_index, is_correct) VALUES ('opt_q018_d', 'q018', 'Pair up so nobody wanders past cool rooms alone', 'social', 4, NULL) ON CONFLICT (id) DO UPDATE SET label = EXCLUDED.label, aptitude_type = EXCLUDED.aptitude_type, order_index = EXCLUDED.order_index;
INSERT INTO public.questions (id, quiz_id, body, order_index, difficulty_level, aptitude_tag) VALUES ('q019', 'quiz_001', 'You spot an injured bird in the yard. What is your first move?', 19, 0.5, NULL) ON CONFLICT (id) DO UPDATE SET body = EXCLUDED.body, order_index = EXCLUDED.order_index;
INSERT INTO public.question_options (id, question_id, label, aptitude_type, order_index, is_correct) VALUES ('opt_q019_a', 'q019', 'Figure out a quiet warm box setup with air holes', 'scientific', 1, NULL) ON CONFLICT (id) DO UPDATE SET label = EXCLUDED.label, aptitude_type = EXCLUDED.aptitude_type, order_index = EXCLUDED.order_index;
INSERT INTO public.question_options (id, question_id, label, aptitude_type, order_index, is_correct) VALUES ('opt_q019_b', 'q019', 'Draw the bird to remember its colors for later', 'creative', 2, NULL) ON CONFLICT (id) DO UPDATE SET label = EXCLUDED.label, aptitude_type = EXCLUDED.aptitude_type, order_index = EXCLUDED.order_index;
INSERT INTO public.question_options (id, question_id, label, aptitude_type, order_index, is_correct) VALUES ('opt_q019_c', 'q019', 'Call a rescue line and describe what you see', 'verbal', 3, NULL) ON CONFLICT (id) DO UPDATE SET label = EXCLUDED.label, aptitude_type = EXCLUDED.aptitude_type, order_index = EXCLUDED.order_index;
INSERT INTO public.question_options (id, question_id, label, aptitude_type, order_index, is_correct) VALUES ('opt_q019_d', 'q019', 'Stay nearby so other kids do not crowd it', 'social', 4, NULL) ON CONFLICT (id) DO UPDATE SET label = EXCLUDED.label, aptitude_type = EXCLUDED.aptitude_type, order_index = EXCLUDED.order_index;
INSERT INTO public.questions (id, quiz_id, body, order_index, difficulty_level, aptitude_tag) VALUES ('q020', 'quiz_001', 'Bedtime hits but your puzzle is half done. What do you choose?', 20, 0.5, NULL) ON CONFLICT (id) DO UPDATE SET body = EXCLUDED.body, order_index = EXCLUDED.order_index;
INSERT INTO public.question_options (id, question_id, label, aptitude_type, order_index, is_correct) VALUES ('opt_q020_a', 'q020', 'Plan which corner you will finish tomorrow', 'logical', 1, NULL) ON CONFLICT (id) DO UPDATE SET label = EXCLUDED.label, aptitude_type = EXCLUDED.aptitude_type, order_index = EXCLUDED.order_index;
INSERT INTO public.question_options (id, question_id, label, aptitude_type, order_index, is_correct) VALUES ('opt_q020_b', 'q020', 'Turn the pieces into a bedtime story scene', 'creative', 2, NULL) ON CONFLICT (id) DO UPDATE SET label = EXCLUDED.label, aptitude_type = EXCLUDED.aptitude_type, order_index = EXCLUDED.order_index;
INSERT INTO public.question_options (id, question_id, label, aptitude_type, order_index, is_correct) VALUES ('opt_q020_c', 'q020', 'Whisper a summary of the picture it will become', 'verbal', 3, NULL) ON CONFLICT (id) DO UPDATE SET label = EXCLUDED.label, aptitude_type = EXCLUDED.aptitude_type, order_index = EXCLUDED.order_index;
INSERT INTO public.question_options (id, question_id, label, aptitude_type, order_index, is_correct) VALUES ('opt_q020_d', 'q020', 'Ask a grown-up to save your spot with a note', 'social', 4, NULL) ON CONFLICT (id) DO UPDATE SET label = EXCLUDED.label, aptitude_type = EXCLUDED.aptitude_type, order_index = EXCLUDED.order_index;
-- Five published aptitude quizzes with explicit difficulty_level (1–5) for adaptive ordering.

INSERT INTO public.quizzes (id, slug, title, description, created_by_user_id, default_difficulty, time_per_question_seconds, is_published, updated_at)
VALUES
  ('quiz_002', 'team-play-stars', 'Team Play Stars', 'Teams, fairness, and cheering each other on.', NULL, 3, 55, true, now()),
  ('quiz_003', 'future-inventors', 'Future Inventors', 'Gadgets, fixes, and clever builds for tomorrow.', NULL, 3, 60, true, now()),
  ('quiz_004', 'outdoor-explorers', 'Outdoor Explorers', 'Parks, weather, critters, and backyard missions.', NULL, 3, 50, true, now()),
  ('quiz_005', 'kindness-crew', 'Kindness Crew', 'Helping others, big feelings, and community care.', NULL, 2, 55, true, now()),
  ('quiz_006', 'mystery-detectives', 'Mystery Detectives', 'Clues, patterns, and puzzle-style choices.', NULL, 4, 60, true, now())
ON CONFLICT (id) DO UPDATE SET
  slug = EXCLUDED.slug,
  title = EXCLUDED.title,
  description = EXCLUDED.description,
  is_published = EXCLUDED.is_published,
  time_per_question_seconds = EXCLUDED.time_per_question_seconds,
  default_difficulty = EXCLUDED.default_difficulty,
  updated_at = EXCLUDED.updated_at;

-- quiz_002: Team Play Stars (difficulty 1..5)
INSERT INTO public.questions (id, quiz_id, body, order_index, difficulty_level, aptitude_tag) VALUES ('qz2_01', 'quiz_002', 'Your team wins a tiny prize. What feels fairest?', 1, 1, NULL) ON CONFLICT (id) DO UPDATE SET body = EXCLUDED.body, order_index = EXCLUDED.order_index, difficulty_level = EXCLUDED.difficulty_level, quiz_id = EXCLUDED.quiz_id;
INSERT INTO public.question_options (id, question_id, label, aptitude_type, order_index, is_correct) VALUES ('oz2_01a', 'qz2_01', 'Vote with clear rules so everyone knows the plan', 'logical', 1, NULL) ON CONFLICT (id) DO UPDATE SET label = EXCLUDED.label, aptitude_type = EXCLUDED.aptitude_type, order_index = EXCLUDED.order_index;
INSERT INTO public.question_options (id, question_id, label, aptitude_type, order_index, is_correct) VALUES ('oz2_01b', 'qz2_01', 'Invent a silly trophy ceremony for the whole bench', 'creative', 2, NULL) ON CONFLICT (id) DO UPDATE SET label = EXCLUDED.label, aptitude_type = EXCLUDED.aptitude_type, order_index = EXCLUDED.order_index;
INSERT INTO public.question_options (id, question_id, label, aptitude_type, order_index, is_correct) VALUES ('oz2_01c', 'qz2_01', 'Ask each person what part of the win felt best', 'verbal', 3, NULL) ON CONFLICT (id) DO UPDATE SET label = EXCLUDED.label, aptitude_type = EXCLUDED.aptitude_type, order_index = EXCLUDED.order_index;
INSERT INTO public.question_options (id, question_id, label, aptitude_type, order_index, is_correct) VALUES ('oz2_01d', 'qz2_01', 'Spot who looks left out and pull them in first', 'social', 4, NULL) ON CONFLICT (id) DO UPDATE SET label = EXCLUDED.label, aptitude_type = EXCLUDED.aptitude_type, order_index = EXCLUDED.order_index;

INSERT INTO public.questions (id, quiz_id, body, order_index, difficulty_level, aptitude_tag) VALUES ('qz2_02', 'quiz_002', 'A teammate misses the play and looks crushed. What now?', 2, 2, NULL) ON CONFLICT (id) DO UPDATE SET body = EXCLUDED.body, order_index = EXCLUDED.order_index, difficulty_level = EXCLUDED.difficulty_level, quiz_id = EXCLUDED.quiz_id;
INSERT INTO public.question_options (id, question_id, label, aptitude_type, order_index, is_correct) VALUES ('oz2_02a', 'qz2_02', 'Replay the moment step by step without blame', 'logical', 1, NULL) ON CONFLICT (id) DO UPDATE SET label = EXCLUDED.label, aptitude_type = EXCLUDED.aptitude_type, order_index = EXCLUDED.order_index;
INSERT INTO public.question_options (id, question_id, label, aptitude_type, order_index, is_correct) VALUES ('oz2_02b', 'qz2_02', 'Sketch a quick comic that makes them smile', 'creative', 2, NULL) ON CONFLICT (id) DO UPDATE SET label = EXCLUDED.label, aptitude_type = EXCLUDED.aptitude_type, order_index = EXCLUDED.order_index;
INSERT INTO public.question_options (id, question_id, label, aptitude_type, order_index, is_correct) VALUES ('oz2_02c', 'qz2_02', 'Say one honest sentence you believe about them', 'verbal', 3, NULL) ON CONFLICT (id) DO UPDATE SET label = EXCLUDED.label, aptitude_type = EXCLUDED.aptitude_type, order_index = EXCLUDED.order_index;
INSERT INTO public.question_options (id, question_id, label, aptitude_type, order_index, is_correct) VALUES ('oz2_02d', 'qz2_02', 'Call a ten-second huddle to reset the team mood', 'social', 4, NULL) ON CONFLICT (id) DO UPDATE SET label = EXCLUDED.label, aptitude_type = EXCLUDED.aptitude_type, order_index = EXCLUDED.order_index;

INSERT INTO public.questions (id, quiz_id, body, order_index, difficulty_level, aptitude_tag) VALUES ('qz2_03', 'quiz_002', 'Captains disagree on the next play. Your move?', 3, 3, NULL) ON CONFLICT (id) DO UPDATE SET body = EXCLUDED.body, order_index = EXCLUDED.order_index, difficulty_level = EXCLUDED.difficulty_level, quiz_id = EXCLUDED.quiz_id;
INSERT INTO public.question_options (id, question_id, label, aptitude_type, order_index, is_correct) VALUES ('oz2_03a', 'qz2_03', 'List pros and cons on the back of a clipboard', 'logical', 1, NULL) ON CONFLICT (id) DO UPDATE SET label = EXCLUDED.label, aptitude_type = EXCLUDED.aptitude_type, order_index = EXCLUDED.order_index;
INSERT INTO public.question_options (id, question_id, label, aptitude_type, order_index, is_correct) VALUES ('oz2_03b', 'qz2_03', 'Merge both ideas into a hybrid play', 'creative', 2, NULL) ON CONFLICT (id) DO UPDATE SET label = EXCLUDED.label, aptitude_type = EXCLUDED.aptitude_type, order_index = EXCLUDED.order_index;
INSERT INTO public.question_options (id, question_id, label, aptitude_type, order_index, is_correct) VALUES ('oz2_03c', 'qz2_03', 'Repeat each captain''s view in calm words', 'verbal', 3, NULL) ON CONFLICT (id) DO UPDATE SET label = EXCLUDED.label, aptitude_type = EXCLUDED.aptitude_type, order_index = EXCLUDED.order_index;
INSERT INTO public.question_options (id, question_id, label, aptitude_type, order_index, is_correct) VALUES ('oz2_03d', 'qz2_03', 'Let the bench vote with a quick show of hands', 'social', 4, NULL) ON CONFLICT (id) DO UPDATE SET label = EXCLUDED.label, aptitude_type = EXCLUDED.aptitude_type, order_index = EXCLUDED.order_index;

INSERT INTO public.questions (id, quiz_id, body, order_index, difficulty_level, aptitude_tag) VALUES ('qz2_04', 'quiz_002', 'You lose a heartbreaker by one point. Next practice?', 4, 4, NULL) ON CONFLICT (id) DO UPDATE SET body = EXCLUDED.body, order_index = EXCLUDED.order_index, difficulty_level = EXCLUDED.difficulty_level, quiz_id = EXCLUDED.quiz_id;
INSERT INTO public.question_options (id, question_id, label, aptitude_type, order_index, is_correct) VALUES ('oz2_04a', 'qz2_04', 'Track stats to find one skill to level up', 'scientific', 1, NULL) ON CONFLICT (id) DO UPDATE SET label = EXCLUDED.label, aptitude_type = EXCLUDED.aptitude_type, order_index = EXCLUDED.order_index;
INSERT INTO public.question_options (id, question_id, label, aptitude_type, order_index, is_correct) VALUES ('oz2_04b', 'qz2_04', 'Design a new warm-up that feels like a game', 'creative', 2, NULL) ON CONFLICT (id) DO UPDATE SET label = EXCLUDED.label, aptitude_type = EXCLUDED.aptitude_type, order_index = EXCLUDED.order_index;
INSERT INTO public.question_options (id, question_id, label, aptitude_type, order_index, is_correct) VALUES ('oz2_04c', 'qz2_04', 'Give a short speech about one bright moment', 'verbal', 3, NULL) ON CONFLICT (id) DO UPDATE SET label = EXCLUDED.label, aptitude_type = EXCLUDED.aptitude_type, order_index = EXCLUDED.order_index;
INSERT INTO public.question_options (id, question_id, label, aptitude_type, order_index, is_correct) VALUES ('oz2_04d', 'qz2_04', 'Pair veterans with rookies for drills', 'social', 4, NULL) ON CONFLICT (id) DO UPDATE SET label = EXCLUDED.label, aptitude_type = EXCLUDED.aptitude_type, order_index = EXCLUDED.order_index;

INSERT INTO public.questions (id, quiz_id, body, order_index, difficulty_level, aptitude_tag) VALUES ('qz2_05', 'quiz_002', 'Fundraiser booth planning with a tight deadline. You lead how?', 5, 5, NULL) ON CONFLICT (id) DO UPDATE SET body = EXCLUDED.body, order_index = EXCLUDED.order_index, difficulty_level = EXCLUDED.difficulty_level, quiz_id = EXCLUDED.quiz_id;
INSERT INTO public.question_options (id, question_id, label, aptitude_type, order_index, is_correct) VALUES ('oz2_05a', 'qz2_05', 'Build a minute-by-minute task board', 'logical', 1, NULL) ON CONFLICT (id) DO UPDATE SET label = EXCLUDED.label, aptitude_type = EXCLUDED.aptitude_type, order_index = EXCLUDED.order_index;
INSERT INTO public.question_options (id, question_id, label, aptitude_type, order_index, is_correct) VALUES ('oz2_05b', 'qz2_05', 'Theme the booth so it pops from far away', 'creative', 2, NULL) ON CONFLICT (id) DO UPDATE SET label = EXCLUDED.label, aptitude_type = EXCLUDED.aptitude_type, order_index = EXCLUDED.order_index;
INSERT INTO public.question_options (id, question_id, label, aptitude_type, order_index, is_correct) VALUES ('oz2_05c', 'qz2_05', 'Write a catchy pitch for passersby', 'verbal', 3, NULL) ON CONFLICT (id) DO UPDATE SET label = EXCLUDED.label, aptitude_type = EXCLUDED.aptitude_type, order_index = EXCLUDED.order_index;
INSERT INTO public.question_options (id, question_id, label, aptitude_type, order_index, is_correct) VALUES ('oz2_05d', 'qz2_05', 'Assign pairs so nobody works alone', 'practical', 4, NULL) ON CONFLICT (id) DO UPDATE SET label = EXCLUDED.label, aptitude_type = EXCLUDED.aptitude_type, order_index = EXCLUDED.order_index;

-- quiz_003: Future Inventors
INSERT INTO public.questions (id, quiz_id, body, order_index, difficulty_level, aptitude_tag) VALUES ('qz3_01', 'quiz_003', 'Your backpack zipper jams every morning. First idea?', 1, 1, NULL) ON CONFLICT (id) DO UPDATE SET body = EXCLUDED.body, order_index = EXCLUDED.order_index, difficulty_level = EXCLUDED.difficulty_level, quiz_id = EXCLUDED.quiz_id;
INSERT INTO public.question_options (id, question_id, label, aptitude_type, order_index, is_correct) VALUES ('oz3_01a', 'qz3_01', 'Test which angle pulls smoothest', 'scientific', 1, NULL) ON CONFLICT (id) DO UPDATE SET label = EXCLUDED.label, aptitude_type = EXCLUDED.aptitude_type, order_index = EXCLUDED.order_index;
INSERT INTO public.question_options (id, question_id, label, aptitude_type, order_index, is_correct) VALUES ('oz3_01b', 'qz3_01', 'Doodle a zipper-bot that fixes itself', 'creative', 2, NULL) ON CONFLICT (id) DO UPDATE SET label = EXCLUDED.label, aptitude_type = EXCLUDED.aptitude_type, order_index = EXCLUDED.order_index;
INSERT INTO public.question_options (id, question_id, label, aptitude_type, order_index, is_correct) VALUES ('oz3_01c', 'qz3_01', 'Explain the problem to a grown-up in one breath', 'verbal', 3, NULL) ON CONFLICT (id) DO UPDATE SET label = EXCLUDED.label, aptitude_type = EXCLUDED.aptitude_type, order_index = EXCLUDED.order_index;
INSERT INTO public.question_options (id, question_id, label, aptitude_type, order_index, is_correct) VALUES ('oz3_01d', 'qz3_01', 'Swap in a key ring pull for more grip', 'practical', 4, NULL) ON CONFLICT (id) DO UPDATE SET label = EXCLUDED.label, aptitude_type = EXCLUDED.aptitude_type, order_index = EXCLUDED.order_index;

INSERT INTO public.questions (id, quiz_id, body, order_index, difficulty_level, aptitude_tag) VALUES ('qz3_02', 'quiz_003', 'Invent something that helps sleepy mornings.', 2, 2, NULL) ON CONFLICT (id) DO UPDATE SET body = EXCLUDED.body, order_index = EXCLUDED.order_index, difficulty_level = EXCLUDED.difficulty_level, quiz_id = EXCLUDED.quiz_id;
INSERT INTO public.question_options (id, question_id, label, aptitude_type, order_index, is_correct) VALUES ('oz3_02a', 'qz3_02', 'Timer lights that brighten slowly like sunrise', 'logical', 1, NULL) ON CONFLICT (id) DO UPDATE SET label = EXCLUDED.label, aptitude_type = EXCLUDED.aptitude_type, order_index = EXCLUDED.order_index;
INSERT INTO public.question_options (id, question_id, label, aptitude_type, order_index, is_correct) VALUES ('oz3_02b', 'qz3_02', 'A breakfast playlist that only plays happy songs', 'creative', 2, NULL) ON CONFLICT (id) DO UPDATE SET label = EXCLUDED.label, aptitude_type = EXCLUDED.aptitude_type, order_index = EXCLUDED.order_index;
INSERT INTO public.question_options (id, question_id, label, aptitude_type, order_index, is_correct) VALUES ('oz3_02c', 'qz3_02', 'A voice memo from future-you saying “you got this”', 'verbal', 3, NULL) ON CONFLICT (id) DO UPDATE SET label = EXCLUDED.label, aptitude_type = EXCLUDED.aptitude_type, order_index = EXCLUDED.order_index;
INSERT INTO public.question_options (id, question_id, label, aptitude_type, order_index, is_correct) VALUES ('oz3_02d', 'qz3_02', 'Lay clothes out on a chair the night before', 'practical', 4, NULL) ON CONFLICT (id) DO UPDATE SET label = EXCLUDED.label, aptitude_type = EXCLUDED.aptitude_type, order_index = EXCLUDED.order_index;

INSERT INTO public.questions (id, quiz_id, body, order_index, difficulty_level, aptitude_tag) VALUES ('qz3_03', 'quiz_003', 'Design a robot helper for your classroom.', 3, 3, NULL) ON CONFLICT (id) DO UPDATE SET body = EXCLUDED.body, order_index = EXCLUDED.order_index, difficulty_level = EXCLUDED.difficulty_level, quiz_id = EXCLUDED.quiz_id;
INSERT INTO public.question_options (id, question_id, label, aptitude_type, order_index, is_correct) VALUES ('oz3_03a', 'qz3_03', 'Sort supplies and tally what runs out fastest', 'logical', 1, NULL) ON CONFLICT (id) DO UPDATE SET label = EXCLUDED.label, aptitude_type = EXCLUDED.aptitude_type, order_index = EXCLUDED.order_index;
INSERT INTO public.question_options (id, question_id, label, aptitude_type, order_index, is_correct) VALUES ('oz3_03b', 'qz3_03', 'Paint it like a friendly space pup', 'creative', 2, NULL) ON CONFLICT (id) DO UPDATE SET label = EXCLUDED.label, aptitude_type = EXCLUDED.aptitude_type, order_index = EXCLUDED.order_index;
INSERT INTO public.question_options (id, question_id, label, aptitude_type, order_index, is_correct) VALUES ('oz3_03c', 'qz3_03', 'Program jokes for quiet reading time', 'verbal', 3, NULL) ON CONFLICT (id) DO UPDATE SET label = EXCLUDED.label, aptitude_type = EXCLUDED.aptitude_type, order_index = EXCLUDED.order_index;
INSERT INTO public.question_options (id, question_id, label, aptitude_type, order_index, is_correct) VALUES ('oz3_03d', 'qz3_03', 'Wheel supplies to partners who need them', 'social', 4, NULL) ON CONFLICT (id) DO UPDATE SET label = EXCLUDED.label, aptitude_type = EXCLUDED.aptitude_type, order_index = EXCLUDED.order_index;

INSERT INTO public.questions (id, quiz_id, body, order_index, difficulty_level, aptitude_tag) VALUES ('qz3_04', 'quiz_003', 'Power goes out during homework. Your hack?', 4, 4, NULL) ON CONFLICT (id) DO UPDATE SET body = EXCLUDED.body, order_index = EXCLUDED.order_index, difficulty_level = EXCLUDED.difficulty_level, quiz_id = EXCLUDED.quiz_id;
INSERT INTO public.question_options (id, question_id, label, aptitude_type, order_index, is_correct) VALUES ('oz3_04a', 'qz3_04', 'Estimate battery life and prioritize tasks', 'logical', 1, NULL) ON CONFLICT (id) DO UPDATE SET label = EXCLUDED.label, aptitude_type = EXCLUDED.aptitude_type, order_index = EXCLUDED.order_index;
INSERT INTO public.question_options (id, question_id, label, aptitude_type, order_index, is_correct) VALUES ('oz3_04b', 'qz3_04', 'Build a fort-lit desk with flashlights', 'creative', 2, NULL) ON CONFLICT (id) DO UPDATE SET label = EXCLUDED.label, aptitude_type = EXCLUDED.aptitude_type, order_index = EXCLUDED.order_index;
INSERT INTO public.question_options (id, question_id, label, aptitude_type, order_index, is_correct) VALUES ('oz3_04c', 'qz3_04', 'Dictate answers to someone who can type later', 'verbal', 3, NULL) ON CONFLICT (id) DO UPDATE SET label = EXCLUDED.label, aptitude_type = EXCLUDED.aptitude_type, order_index = EXCLUDED.order_index;
INSERT INTO public.question_options (id, question_id, label, aptitude_type, order_index, is_correct) VALUES ('oz3_04d', 'qz3_04', 'Move near the window before sunset', 'practical', 4, NULL) ON CONFLICT (id) DO UPDATE SET label = EXCLUDED.label, aptitude_type = EXCLUDED.aptitude_type, order_index = EXCLUDED.order_index;

INSERT INTO public.questions (id, quiz_id, body, order_index, difficulty_level, aptitude_tag) VALUES ('qz3_05', 'quiz_003', 'City wants kid ideas for safer crosswalks. You pitch?', 5, 5, NULL) ON CONFLICT (id) DO UPDATE SET body = EXCLUDED.body, order_index = EXCLUDED.order_index, difficulty_level = EXCLUDED.difficulty_level, quiz_id = EXCLUDED.quiz_id;
INSERT INTO public.question_options (id, question_id, label, aptitude_type, order_index, is_correct) VALUES ('oz3_05a', 'qz3_05', 'Time how long lights stay green vs kids'' walking speed', 'scientific', 1, NULL) ON CONFLICT (id) DO UPDATE SET label = EXCLUDED.label, aptitude_type = EXCLUDED.aptitude_type, order_index = EXCLUDED.order_index;
INSERT INTO public.question_options (id, question_id, label, aptitude_type, order_index, is_correct) VALUES ('oz3_05b', 'qz3_05', 'Glow-in-the-dark hopscotch paths', 'creative', 2, NULL) ON CONFLICT (id) DO UPDATE SET label = EXCLUDED.label, aptitude_type = EXCLUDED.aptitude_type, order_index = EXCLUDED.order_index;
INSERT INTO public.question_options (id, question_id, label, aptitude_type, order_index, is_correct) VALUES ('oz3_05c', 'qz3_05', 'A thirty-second speech for the town video', 'verbal', 3, NULL) ON CONFLICT (id) DO UPDATE SET label = EXCLUDED.label, aptitude_type = EXCLUDED.aptitude_type, order_index = EXCLUDED.order_index;
INSERT INTO public.question_options (id, question_id, label, aptitude_type, order_index, is_correct) VALUES ('oz3_05d', 'qz3_05', 'Buddy pairs for crossing big streets', 'social', 4, NULL) ON CONFLICT (id) DO UPDATE SET label = EXCLUDED.label, aptitude_type = EXCLUDED.aptitude_type, order_index = EXCLUDED.order_index;

-- quiz_004: Outdoor Explorers
INSERT INTO public.questions (id, quiz_id, body, order_index, difficulty_level, aptitude_tag) VALUES ('qz4_01', 'quiz_004', 'A puddle river appears after rain. What do you explore?', 1, 1, NULL) ON CONFLICT (id) DO UPDATE SET body = EXCLUDED.body, order_index = EXCLUDED.order_index, difficulty_level = EXCLUDED.difficulty_level, quiz_id = EXCLUDED.quiz_id;
INSERT INTO public.question_options (id, question_id, label, aptitude_type, order_index, is_correct) VALUES ('oz4_01a', 'qz4_01', 'Measure how deep it gets with a stick ruler', 'scientific', 1, NULL) ON CONFLICT (id) DO UPDATE SET label = EXCLUDED.label, aptitude_type = EXCLUDED.aptitude_type, order_index = EXCLUDED.order_index;
INSERT INTO public.question_options (id, question_id, label, aptitude_type, order_index, is_correct) VALUES ('oz4_01b', 'qz4_01', 'Float leaf boats with tiny flag sails', 'creative', 2, NULL) ON CONFLICT (id) DO UPDATE SET label = EXCLUDED.label, aptitude_type = EXCLUDED.aptitude_type, order_index = EXCLUDED.order_index;
INSERT INTO public.question_options (id, question_id, label, aptitude_type, order_index, is_correct) VALUES ('oz4_01c', 'qz4_01', 'Narrate a nature documentary voice-over', 'verbal', 3, NULL) ON CONFLICT (id) DO UPDATE SET label = EXCLUDED.label, aptitude_type = EXCLUDED.aptitude_type, order_index = EXCLUDED.order_index;
INSERT INTO public.question_options (id, question_id, label, aptitude_type, order_index, is_correct) VALUES ('oz4_01d', 'qz4_01', 'Build a tiny bridge from flat stones', 'practical', 4, NULL) ON CONFLICT (id) DO UPDATE SET label = EXCLUDED.label, aptitude_type = EXCLUDED.aptitude_type, order_index = EXCLUDED.order_index;

INSERT INTO public.questions (id, quiz_id, body, order_index, difficulty_level, aptitude_tag) VALUES ('qz4_02', 'quiz_004', 'Wind flips your picnic blanket. Plan B?', 2, 2, NULL) ON CONFLICT (id) DO UPDATE SET body = EXCLUDED.body, order_index = EXCLUDED.order_index, difficulty_level = EXCLUDED.difficulty_level, quiz_id = EXCLUDED.quiz_id;
INSERT INTO public.question_options (id, question_id, label, aptitude_type, order_index, is_correct) VALUES ('oz4_02a', 'qz4_02', 'Check wind direction and rotate the setup', 'logical', 1, NULL) ON CONFLICT (id) DO UPDATE SET label = EXCLUDED.label, aptitude_type = EXCLUDED.aptitude_type, order_index = EXCLUDED.order_index;
INSERT INTO public.question_options (id, question_id, label, aptitude_type, order_index, is_correct) VALUES ('oz4_02b', 'qz4_02', 'Turn the blanket into a cape parade', 'creative', 2, NULL) ON CONFLICT (id) DO UPDATE SET label = EXCLUDED.label, aptitude_type = EXCLUDED.aptitude_type, order_index = EXCLUDED.order_index;
INSERT INTO public.question_options (id, question_id, label, aptitude_type, order_index, is_correct) VALUES ('oz4_02c', 'qz4_02', 'Announce a “low gravity snack zone” joke', 'verbal', 3, NULL) ON CONFLICT (id) DO UPDATE SET label = EXCLUDED.label, aptitude_type = EXCLUDED.aptitude_type, order_index = EXCLUDED.order_index;
INSERT INTO public.question_options (id, question_id, label, aptitude_type, order_index, is_correct) VALUES ('oz4_02d', 'qz4_02', 'Ask everyone to sit in a circle on the grass', 'social', 4, NULL) ON CONFLICT (id) DO UPDATE SET label = EXCLUDED.label, aptitude_type = EXCLUDED.aptitude_type, order_index = EXCLUDED.order_index;

INSERT INTO public.questions (id, quiz_id, body, order_index, difficulty_level, aptitude_tag) VALUES ('qz4_03', 'quiz_004', 'You hear rustling in a bush. Curious but safe—how?', 3, 3, NULL) ON CONFLICT (id) DO UPDATE SET body = EXCLUDED.body, order_index = EXCLUDED.order_index, difficulty_level = EXCLUDED.difficulty_level, quiz_id = EXCLUDED.quiz_id;
INSERT INTO public.question_options (id, question_id, label, aptitude_type, order_index, is_correct) VALUES ('oz4_03a', 'qz4_03', 'Note time, sounds, and leaf movement', 'scientific', 1, NULL) ON CONFLICT (id) DO UPDATE SET label = EXCLUDED.label, aptitude_type = EXCLUDED.aptitude_type, order_index = EXCLUDED.order_index;
INSERT INTO public.question_options (id, question_id, label, aptitude_type, order_index, is_correct) VALUES ('oz4_03b', 'qz4_03', 'Sketch what you imagine lives inside', 'creative', 2, NULL) ON CONFLICT (id) DO UPDATE SET label = EXCLUDED.label, aptitude_type = EXCLUDED.aptitude_type, order_index = EXCLUDED.order_index;
INSERT INTO public.question_options (id, question_id, label, aptitude_type, order_index, is_correct) VALUES ('oz4_03c', 'qz4_03', 'Whisper guesses to a grown-up nearby', 'verbal', 3, NULL) ON CONFLICT (id) DO UPDATE SET label = EXCLUDED.label, aptitude_type = EXCLUDED.aptitude_type, order_index = EXCLUDED.order_index;
INSERT INTO public.question_options (id, question_id, label, aptitude_type, order_index, is_correct) VALUES ('oz4_03d', 'qz4_03', 'Stay arm-length back and watch with a friend', 'social', 4, NULL) ON CONFLICT (id) DO UPDATE SET label = EXCLUDED.label, aptitude_type = EXCLUDED.aptitude_type, order_index = EXCLUDED.order_index;

INSERT INTO public.questions (id, quiz_id, body, order_index, difficulty_level, aptitude_tag) VALUES ('qz4_04', 'quiz_004', 'Trail map looks confusing. Your strategy?', 4, 4, NULL) ON CONFLICT (id) DO UPDATE SET body = EXCLUDED.body, order_index = EXCLUDED.order_index, difficulty_level = EXCLUDED.difficulty_level, quiz_id = EXCLUDED.quiz_id;
INSERT INTO public.question_options (id, question_id, label, aptitude_type, order_index, is_correct) VALUES ('oz4_04a', 'qz4_04', 'Match landmarks to the legend key', 'logical', 1, NULL) ON CONFLICT (id) DO UPDATE SET label = EXCLUDED.label, aptitude_type = EXCLUDED.aptitude_type, order_index = EXCLUDED.order_index;
INSERT INTO public.question_options (id, question_id, label, aptitude_type, order_index, is_correct) VALUES ('oz4_04b', 'qz4_04', 'Draw your own cartoon map on the back', 'creative', 2, NULL) ON CONFLICT (id) DO UPDATE SET label = EXCLUDED.label, aptitude_type = EXCLUDED.aptitude_type, order_index = EXCLUDED.order_index;
INSERT INTO public.question_options (id, question_id, label, aptitude_type, order_index, is_correct) VALUES ('oz4_04c', 'qz4_04', 'Read trail names out loud like a tour guide', 'verbal', 3, NULL) ON CONFLICT (id) DO UPDATE SET label = EXCLUDED.label, aptitude_type = EXCLUDED.aptitude_type, order_index = EXCLUDED.order_index;
INSERT INTO public.question_options (id, question_id, label, aptitude_type, order_index, is_correct) VALUES ('oz4_04d', 'qz4_04', 'Take the lead for five minutes then rotate', 'social', 4, NULL) ON CONFLICT (id) DO UPDATE SET label = EXCLUDED.label, aptitude_type = EXCLUDED.aptitude_type, order_index = EXCLUDED.order_index;

INSERT INTO public.questions (id, quiz_id, body, order_index, difficulty_level, aptitude_tag) VALUES ('qz4_05', 'quiz_004', 'Heat wave at the playground. Community idea?', 5, 5, NULL) ON CONFLICT (id) DO UPDATE SET body = EXCLUDED.body, order_index = EXCLUDED.order_index, difficulty_level = EXCLUDED.difficulty_level, quiz_id = EXCLUDED.quiz_id;
INSERT INTO public.question_options (id, question_id, label, aptitude_type, order_index, is_correct) VALUES ('oz4_05a', 'qz4_05', 'Track shade times on different structures', 'scientific', 1, NULL) ON CONFLICT (id) DO UPDATE SET label = EXCLUDED.label, aptitude_type = EXCLUDED.aptitude_type, order_index = EXCLUDED.order_index;
INSERT INTO public.question_options (id, question_id, label, aptitude_type, order_index, is_correct) VALUES ('oz4_05b', 'qz4_05', 'Sprinkler art with recycled bottles', 'creative', 2, NULL) ON CONFLICT (id) DO UPDATE SET label = EXCLUDED.label, aptitude_type = EXCLUDED.aptitude_type, order_index = EXCLUDED.order_index;
INSERT INTO public.question_options (id, question_id, label, aptitude_type, order_index, is_correct) VALUES ('oz4_05c', 'qz4_05', 'Record a PSA about water breaks', 'verbal', 3, NULL) ON CONFLICT (id) DO UPDATE SET label = EXCLUDED.label, aptitude_type = EXCLUDED.aptitude_type, order_index = EXCLUDED.order_index;
INSERT INTO public.question_options (id, question_id, label, aptitude_type, order_index, is_correct) VALUES ('oz4_05d', 'qz4_05', 'Share a cooler rotation schedule', 'practical', 4, NULL) ON CONFLICT (id) DO UPDATE SET label = EXCLUDED.label, aptitude_type = EXCLUDED.aptitude_type, order_index = EXCLUDED.order_index;

-- quiz_005: Kindness Crew
INSERT INTO public.questions (id, quiz_id, body, order_index, difficulty_level, aptitude_tag) VALUES ('qz5_01', 'quiz_005', 'A friend drops their ice cream. You…', 1, 1, NULL) ON CONFLICT (id) DO UPDATE SET body = EXCLUDED.body, order_index = EXCLUDED.order_index, difficulty_level = EXCLUDED.difficulty_level, quiz_id = EXCLUDED.quiz_id;
INSERT INTO public.question_options (id, question_id, label, aptitude_type, order_index, is_correct) VALUES ('oz5_01a', 'qz5_01', 'Offer half of yours on a clean napkin', 'social', 1, NULL) ON CONFLICT (id) DO UPDATE SET label = EXCLUDED.label, aptitude_type = EXCLUDED.aptitude_type, order_index = EXCLUDED.order_index;
INSERT INTO public.question_options (id, question_id, label, aptitude_type, order_index, is_correct) VALUES ('oz5_01b', 'qz5_01', 'Draw a smiley on their cone wrapper', 'creative', 2, NULL) ON CONFLICT (id) DO UPDATE SET label = EXCLUDED.label, aptitude_type = EXCLUDED.aptitude_type, order_index = EXCLUDED.order_index;
INSERT INTO public.question_options (id, question_id, label, aptitude_type, order_index, is_correct) VALUES ('oz5_01c', 'qz5_01', 'Say “that stinks—I''m sorry that happened”', 'verbal', 3, NULL) ON CONFLICT (id) DO UPDATE SET label = EXCLUDED.label, aptitude_type = EXCLUDED.aptitude_type, order_index = EXCLUDED.order_index;
INSERT INTO public.question_options (id, question_id, label, aptitude_type, order_index, is_correct) VALUES ('oz5_01d', 'qz5_01', 'Grab napkins before the melt spreads', 'practical', 4, NULL) ON CONFLICT (id) DO UPDATE SET label = EXCLUDED.label, aptitude_type = EXCLUDED.aptitude_type, order_index = EXCLUDED.order_index;

INSERT INTO public.questions (id, quiz_id, body, order_index, difficulty_level, aptitude_tag) VALUES ('qz5_02', 'quiz_005', 'Someone spreads a rumor about you. First step?', 2, 2, NULL) ON CONFLICT (id) DO UPDATE SET body = EXCLUDED.body, order_index = EXCLUDED.order_index, difficulty_level = EXCLUDED.difficulty_level, quiz_id = EXCLUDED.quiz_id;
INSERT INTO public.question_options (id, question_id, label, aptitude_type, order_index, is_correct) VALUES ('oz5_02a', 'qz5_02', 'Write facts vs guesses in two columns', 'logical', 1, NULL) ON CONFLICT (id) DO UPDATE SET label = EXCLUDED.label, aptitude_type = EXCLUDED.aptitude_type, order_index = EXCLUDED.order_index;
INSERT INTO public.question_options (id, question_id, label, aptitude_type, order_index, is_correct) VALUES ('oz5_02b', 'qz5_02', 'Channel feelings into a private journal comic', 'creative', 2, NULL) ON CONFLICT (id) DO UPDATE SET label = EXCLUDED.label, aptitude_type = EXCLUDED.aptitude_type, order_index = EXCLUDED.order_index;
INSERT INTO public.question_options (id, question_id, label, aptitude_type, order_index, is_correct) VALUES ('oz5_02c', 'qz5_02', 'Ask a trusted adult for wording help', 'verbal', 3, NULL) ON CONFLICT (id) DO UPDATE SET label = EXCLUDED.label, aptitude_type = EXCLUDED.aptitude_type, order_index = EXCLUDED.order_index;
INSERT INTO public.question_options (id, question_id, label, aptitude_type, order_index, is_correct) VALUES ('oz5_02d', 'qz5_02', 'Talk calmly with the person who started it', 'social', 4, NULL) ON CONFLICT (id) DO UPDATE SET label = EXCLUDED.label, aptitude_type = EXCLUDED.aptitude_type, order_index = EXCLUDED.order_index;

INSERT INTO public.questions (id, quiz_id, body, order_index, difficulty_level, aptitude_tag) VALUES ('qz5_03', 'quiz_005', 'New neighbor kid speaks a different language. Connect how?', 3, 3, NULL) ON CONFLICT (id) DO UPDATE SET body = EXCLUDED.body, order_index = EXCLUDED.order_index, difficulty_level = EXCLUDED.difficulty_level, quiz_id = EXCLUDED.quiz_id;
INSERT INTO public.question_options (id, question_id, label, aptitude_type, order_index, is_correct) VALUES ('oz5_03a', 'qz5_03', 'Label objects in both languages on cards', 'logical', 1, NULL) ON CONFLICT (id) DO UPDATE SET label = EXCLUDED.label, aptitude_type = EXCLUDED.aptitude_type, order_index = EXCLUDED.order_index;
INSERT INTO public.question_options (id, question_id, label, aptitude_type, order_index, is_correct) VALUES ('oz5_03b', 'qz5_03', 'Teach a gesture game that needs no words', 'creative', 2, NULL) ON CONFLICT (id) DO UPDATE SET label = EXCLUDED.label, aptitude_type = EXCLUDED.aptitude_type, order_index = EXCLUDED.order_index;
INSERT INTO public.question_options (id, question_id, label, aptitude_type, order_index, is_correct) VALUES ('oz5_03c', 'qz5_03', 'Learn three hello phrases from a phone app', 'verbal', 3, NULL) ON CONFLICT (id) DO UPDATE SET label = EXCLUDED.label, aptitude_type = EXCLUDED.aptitude_type, order_index = EXCLUDED.order_index;
INSERT INTO public.question_options (id, question_id, label, aptitude_type, order_index, is_correct) VALUES ('oz5_03d', 'qz5_03', 'Invite them into a group game with demos', 'social', 4, NULL) ON CONFLICT (id) DO UPDATE SET label = EXCLUDED.label, aptitude_type = EXCLUDED.aptitude_type, order_index = EXCLUDED.order_index;

INSERT INTO public.questions (id, quiz_id, body, order_index, difficulty_level, aptitude_tag) VALUES ('qz5_04', 'quiz_005', 'Food drive box is almost empty on pickup day.', 4, 4, NULL) ON CONFLICT (id) DO UPDATE SET body = EXCLUDED.body, order_index = EXCLUDED.order_index, difficulty_level = EXCLUDED.difficulty_level, quiz_id = EXCLUDED.quiz_id;
INSERT INTO public.question_options (id, question_id, label, aptitude_type, order_index, is_correct) VALUES ('oz5_04a', 'qz5_04', 'List top-needed items from the flyer', 'logical', 1, NULL) ON CONFLICT (id) DO UPDATE SET label = EXCLUDED.label, aptitude_type = EXCLUDED.aptitude_type, order_index = EXCLUDED.order_index;
INSERT INTO public.question_options (id, question_id, label, aptitude_type, order_index, is_correct) VALUES ('oz5_04b', 'qz5_04', 'Decorate the box with thank-you doodles', 'creative', 2, NULL) ON CONFLICT (id) DO UPDATE SET label = EXCLUDED.label, aptitude_type = EXCLUDED.aptitude_type, order_index = EXCLUDED.order_index;
INSERT INTO public.question_options (id, question_id, label, aptitude_type, order_index, is_correct) VALUES ('oz5_04c', 'qz5_04', 'Record a class shout-out for donors', 'verbal', 3, NULL) ON CONFLICT (id) DO UPDATE SET label = EXCLUDED.label, aptitude_type = EXCLUDED.aptitude_type, order_index = EXCLUDED.order_index;
INSERT INTO public.question_options (id, question_id, label, aptitude_type, order_index, is_correct) VALUES ('oz5_04d', 'qz5_04', 'Door-knock three neighbors with a parent', 'social', 4, NULL) ON CONFLICT (id) DO UPDATE SET label = EXCLUDED.label, aptitude_type = EXCLUDED.aptitude_type, order_index = EXCLUDED.order_index;

INSERT INTO public.questions (id, quiz_id, body, order_index, difficulty_level, aptitude_tag) VALUES ('qz5_05', 'quiz_005', 'Classmate seems anxious before a test. Subtle help?', 5, 5, NULL) ON CONFLICT (id) DO UPDATE SET body = EXCLUDED.body, order_index = EXCLUDED.order_index, difficulty_level = EXCLUDED.difficulty_level, quiz_id = EXCLUDED.quiz_id;
INSERT INTO public.question_options (id, question_id, label, aptitude_type, order_index, is_correct) VALUES ('oz5_05a', 'qz5_05', 'Share a breathing count trick that works for you', 'scientific', 1, NULL) ON CONFLICT (id) DO UPDATE SET label = EXCLUDED.label, aptitude_type = EXCLUDED.aptitude_type, order_index = EXCLUDED.order_index;
INSERT INTO public.question_options (id, question_id, label, aptitude_type, order_index, is_correct) VALUES ('oz5_05b', 'qz5_05', 'Slide them a lucky eraser you decorated', 'creative', 2, NULL) ON CONFLICT (id) DO UPDATE SET label = EXCLUDED.label, aptitude_type = EXCLUDED.aptitude_type, order_index = EXCLUDED.order_index;
INSERT INTO public.question_options (id, question_id, label, aptitude_type, order_index, is_correct) VALUES ('oz5_05c', 'qz5_05', 'Whisper “want to quiz each other for two minutes?”', 'verbal', 3, NULL) ON CONFLICT (id) DO UPDATE SET label = EXCLUDED.label, aptitude_type = EXCLUDED.aptitude_type, order_index = EXCLUDED.order_index;
INSERT INTO public.question_options (id, question_id, label, aptitude_type, order_index, is_correct) VALUES ('oz5_05d', 'qz5_05', 'Save them a seat so they do not search alone', 'social', 4, NULL) ON CONFLICT (id) DO UPDATE SET label = EXCLUDED.label, aptitude_type = EXCLUDED.aptitude_type, order_index = EXCLUDED.order_index;

-- quiz_006: Mystery Detectives
INSERT INTO public.questions (id, quiz_id, body, order_index, difficulty_level, aptitude_tag) VALUES ('qz6_01', 'quiz_006', 'Cookie jar has fewer cookies than yesterday. First clue?', 1, 1, NULL) ON CONFLICT (id) DO UPDATE SET body = EXCLUDED.body, order_index = EXCLUDED.order_index, difficulty_level = EXCLUDED.difficulty_level, quiz_id = EXCLUDED.quiz_id;
INSERT INTO public.question_options (id, question_id, label, aptitude_type, order_index, is_correct) VALUES ('oz6_01a', 'qz6_01', 'Count crumbs on the counter by color', 'scientific', 1, NULL) ON CONFLICT (id) DO UPDATE SET label = EXCLUDED.label, aptitude_type = EXCLUDED.aptitude_type, order_index = EXCLUDED.order_index;
INSERT INTO public.question_options (id, question_id, label, aptitude_type, order_index, is_correct) VALUES ('oz6_01b', 'qz6_01', 'Make a “wanted” poster for the missing treats', 'creative', 2, NULL) ON CONFLICT (id) DO UPDATE SET label = EXCLUDED.label, aptitude_type = EXCLUDED.aptitude_type, order_index = EXCLUDED.order_index;
INSERT INTO public.question_options (id, question_id, label, aptitude_type, order_index, is_correct) VALUES ('oz6_01c', 'qz6_01', 'Interview suspects with polite questions', 'verbal', 3, NULL) ON CONFLICT (id) DO UPDATE SET label = EXCLUDED.label, aptitude_type = EXCLUDED.aptitude_type, order_index = EXCLUDED.order_index;
INSERT INTO public.question_options (id, question_id, label, aptitude_type, order_index, is_correct) VALUES ('oz6_01d', 'qz6_01', 'Check chair heights for who could reach', 'logical', 4, NULL) ON CONFLICT (id) DO UPDATE SET label = EXCLUDED.label, aptitude_type = EXCLUDED.aptitude_type, order_index = EXCLUDED.order_index;

INSERT INTO public.questions (id, quiz_id, body, order_index, difficulty_level, aptitude_tag) VALUES ('qz6_02', 'quiz_006', 'Library book vanishes from your desk. Next step?', 2, 2, NULL) ON CONFLICT (id) DO UPDATE SET body = EXCLUDED.body, order_index = EXCLUDED.order_index, difficulty_level = EXCLUDED.difficulty_level, quiz_id = EXCLUDED.quiz_id;
INSERT INTO public.question_options (id, question_id, label, aptitude_type, order_index, is_correct) VALUES ('oz6_02a', 'qz6_02', 'Retrace your path on a mini map', 'logical', 1, NULL) ON CONFLICT (id) DO UPDATE SET label = EXCLUDED.label, aptitude_type = EXCLUDED.aptitude_type, order_index = EXCLUDED.order_index;
INSERT INTO public.question_options (id, question_id, label, aptitude_type, order_index, is_correct) VALUES ('oz6_02b', 'qz6_02', 'Design a bookmark with a secret code', 'creative', 2, NULL) ON CONFLICT (id) DO UPDATE SET label = EXCLUDED.label, aptitude_type = EXCLUDED.aptitude_type, order_index = EXCLUDED.order_index;
INSERT INTO public.question_options (id, question_id, label, aptitude_type, order_index, is_correct) VALUES ('oz6_02c', 'qz6_02', 'Ask the librarian for the return scan log', 'verbal', 3, NULL) ON CONFLICT (id) DO UPDATE SET label = EXCLUDED.label, aptitude_type = EXCLUDED.aptitude_type, order_index = EXCLUDED.order_index;
INSERT INTO public.question_options (id, question_id, label, aptitude_type, order_index, is_correct) VALUES ('oz6_02d', 'qz6_02', 'Text your table group if anyone grabbed it', 'social', 4, NULL) ON CONFLICT (id) DO UPDATE SET label = EXCLUDED.label, aptitude_type = EXCLUDED.aptitude_type, order_index = EXCLUDED.order_index;

INSERT INTO public.questions (id, quiz_id, body, order_index, difficulty_level, aptitude_tag) VALUES ('qz6_03', 'quiz_006', 'Footprints appear in fresh snow toward the shed.', 3, 3, NULL) ON CONFLICT (id) DO UPDATE SET body = EXCLUDED.body, order_index = EXCLUDED.order_index, difficulty_level = EXCLUDED.difficulty_level, quiz_id = EXCLUDED.quiz_id;
INSERT INTO public.question_options (id, question_id, label, aptitude_type, order_index, is_correct) VALUES ('oz6_03a', 'qz6_03', 'Measure stride length vs your boots', 'scientific', 1, NULL) ON CONFLICT (id) DO UPDATE SET label = EXCLUDED.label, aptitude_type = EXCLUDED.aptitude_type, order_index = EXCLUDED.order_index;
INSERT INTO public.question_options (id, question_id, label, aptitude_type, order_index, is_correct) VALUES ('oz6_03b', 'qz6_03', 'Storyboard what happened in three panels', 'creative', 2, NULL) ON CONFLICT (id) DO UPDATE SET label = EXCLUDED.label, aptitude_type = EXCLUDED.aptitude_type, order_index = EXCLUDED.order_index;
INSERT INTO public.question_options (id, question_id, label, aptitude_type, order_index, is_correct) VALUES ('oz6_03c', 'qz6_03', 'Radio-style report to a parent', 'verbal', 3, NULL) ON CONFLICT (id) DO UPDATE SET label = EXCLUDED.label, aptitude_type = EXCLUDED.aptitude_type, order_index = EXCLUDED.order_index;
INSERT INTO public.question_options (id, question_id, label, aptitude_type, order_index, is_correct) VALUES ('oz6_03d', 'qz6_03', 'Knock with a buddy before opening the door', 'social', 4, NULL) ON CONFLICT (id) DO UPDATE SET label = EXCLUDED.label, aptitude_type = EXCLUDED.aptitude_type, order_index = EXCLUDED.order_index;

INSERT INTO public.questions (id, quiz_id, body, order_index, difficulty_level, aptitude_tag) VALUES ('qz6_04', 'quiz_006', 'Puzzle box clicks but will not open. Strategy?', 4, 4, NULL) ON CONFLICT (id) DO UPDATE SET body = EXCLUDED.body, order_index = EXCLUDED.order_index, difficulty_level = EXCLUDED.difficulty_level, quiz_id = EXCLUDED.quiz_id;
INSERT INTO public.question_options (id, question_id, label, aptitude_type, order_index, is_correct) VALUES ('oz6_04a', 'qz6_04', 'Try rotations in a written order so you do not repeat', 'logical', 1, NULL) ON CONFLICT (id) DO UPDATE SET label = EXCLUDED.label, aptitude_type = EXCLUDED.aptitude_type, order_index = EXCLUDED.order_index;
INSERT INTO public.question_options (id, question_id, label, aptitude_type, order_index, is_correct) VALUES ('oz6_04b', 'qz6_04', 'Decorate guesses on sticky notes around it', 'creative', 2, NULL) ON CONFLICT (id) DO UPDATE SET label = EXCLUDED.label, aptitude_type = EXCLUDED.aptitude_type, order_index = EXCLUDED.order_index;
INSERT INTO public.question_options (id, question_id, label, aptitude_type, order_index, is_correct) VALUES ('oz6_04c', 'qz6_04', 'Narrate each attempt like a streamer', 'verbal', 3, NULL) ON CONFLICT (id) DO UPDATE SET label = EXCLUDED.label, aptitude_type = EXCLUDED.aptitude_type, order_index = EXCLUDED.order_index;
INSERT INTO public.question_options (id, question_id, label, aptitude_type, order_index, is_correct) VALUES ('oz6_04d', 'qz6_04', 'Swap turns with a sibling every minute', 'social', 4, NULL) ON CONFLICT (id) DO UPDATE SET label = EXCLUDED.label, aptitude_type = EXCLUDED.aptitude_type, order_index = EXCLUDED.order_index;

INSERT INTO public.questions (id, quiz_id, body, order_index, difficulty_level, aptitude_tag) VALUES ('qz6_05', 'quiz_006', 'Secret code note uses shapes instead of letters. Crack it?', 5, 5, NULL) ON CONFLICT (id) DO UPDATE SET body = EXCLUDED.body, order_index = EXCLUDED.order_index, difficulty_level = EXCLUDED.difficulty_level, quiz_id = EXCLUDED.quiz_id;
INSERT INTO public.question_options (id, question_id, label, aptitude_type, order_index, is_correct) VALUES ('oz6_05a', 'qz6_05', 'Build a chart matching shapes to alphabet slots', 'logical', 1, NULL) ON CONFLICT (id) DO UPDATE SET label = EXCLUDED.label, aptitude_type = EXCLUDED.aptitude_type, order_index = EXCLUDED.order_index;
INSERT INTO public.question_options (id, question_id, label, aptitude_type, order_index, is_correct) VALUES ('oz6_05b', 'qz6_05', 'Animate the shapes in a flip-book', 'creative', 2, NULL) ON CONFLICT (id) DO UPDATE SET label = EXCLUDED.label, aptitude_type = EXCLUDED.aptitude_type, order_index = EXCLUDED.order_index;
INSERT INTO public.question_options (id, question_id, label, aptitude_type, order_index, is_correct) VALUES ('oz6_05c', 'qz6_05', 'Read guesses aloud until a word sounds right', 'verbal', 3, NULL) ON CONFLICT (id) DO UPDATE SET label = EXCLUDED.label, aptitude_type = EXCLUDED.aptitude_type, order_index = EXCLUDED.order_index;
INSERT INTO public.question_options (id, question_id, label, aptitude_type, order_index, is_correct) VALUES ('oz6_05d', 'qz6_05', 'Crowdsource ideas with two friends quietly', 'social', 4, NULL) ON CONFLICT (id) DO UPDATE SET label = EXCLUDED.label, aptitude_type = EXCLUDED.aptitude_type, order_index = EXCLUDED.order_index;
-- Two neuroaffirming quizzes: ADHD- and autism-themed strengths scenarios (aptitude mapping unchanged).

INSERT INTO public.quizzes (id, slug, title, description, created_by_user_id, default_difficulty, time_per_question_seconds, is_published, updated_at)
VALUES
  (
    'quiz_007',
    'adhd-spark-strengths',
    'Your ADHD Spark',
    'Scenarios about energy, ideas, and focus—no wrong answers. Celebrate how your brain works.',
    NULL,
    3,
    60,
    true,
    now()
  ),
  (
    'quiz_008',
    'autistic-strengths-shine',
    'Autistic Strengths Shine',
    'Scenarios about patterns, passions, honesty, and your style—no wrong answers. Kid-friendly and respectful.',
    NULL,
    3,
    60,
    true,
    now()
  )
ON CONFLICT (id) DO UPDATE SET
  slug = EXCLUDED.slug,
  title = EXCLUDED.title,
  description = EXCLUDED.description,
  is_published = EXCLUDED.is_published,
  time_per_question_seconds = EXCLUDED.time_per_question_seconds,
  default_difficulty = EXCLUDED.default_difficulty,
  updated_at = EXCLUDED.updated_at;

-- quiz_007: ADHD strengths (difficulty 1..5)
INSERT INTO public.questions (id, quiz_id, body, order_index, difficulty_level, aptitude_tag) VALUES ('qz7_01', 'quiz_007', 'You get a big burst of energy right before homework time. What helps you most?', 1, 1, NULL) ON CONFLICT (id) DO UPDATE SET body = EXCLUDED.body, order_index = EXCLUDED.order_index, difficulty_level = EXCLUDED.difficulty_level, quiz_id = EXCLUDED.quiz_id;
INSERT INTO public.question_options (id, question_id, label, aptitude_type, order_index, is_correct) VALUES ('oz7_01a', 'qz7_01', 'Do ten jumping jacks then tackle the easiest task first', 'practical', 1, NULL) ON CONFLICT (id) DO UPDATE SET label = EXCLUDED.label, aptitude_type = EXCLUDED.aptitude_type, order_index = EXCLUDED.order_index;
INSERT INTO public.question_options (id, question_id, label, aptitude_type, order_index, is_correct) VALUES ('oz7_01b', 'qz7_01', 'Turn the worksheet into a timed game with silly sound effects', 'creative', 2, NULL) ON CONFLICT (id) DO UPDATE SET label = EXCLUDED.label, aptitude_type = EXCLUDED.aptitude_type, order_index = EXCLUDED.order_index;
INSERT INTO public.question_options (id, question_id, label, aptitude_type, order_index, is_correct) VALUES ('oz7_01c', 'qz7_01', 'Explain the plan out loud to a stuffed animal coach', 'verbal', 3, NULL) ON CONFLICT (id) DO UPDATE SET label = EXCLUDED.label, aptitude_type = EXCLUDED.aptitude_type, order_index = EXCLUDED.order_index;
INSERT INTO public.question_options (id, question_id, label, aptitude_type, order_index, is_correct) VALUES ('oz7_01d', 'qz7_01', 'Race a sibling to see who finishes one page first', 'social', 4, NULL) ON CONFLICT (id) DO UPDATE SET label = EXCLUDED.label, aptitude_type = EXCLUDED.aptitude_type, order_index = EXCLUDED.order_index;

INSERT INTO public.questions (id, quiz_id, body, order_index, difficulty_level, aptitude_tag) VALUES ('qz7_02', 'quiz_007', 'Your brain offers three awesome ideas at the same time. What do you do?', 2, 2, NULL) ON CONFLICT (id) DO UPDATE SET body = EXCLUDED.body, order_index = EXCLUDED.order_index, difficulty_level = EXCLUDED.difficulty_level, quiz_id = EXCLUDED.quiz_id;
INSERT INTO public.question_options (id, question_id, label, aptitude_type, order_index, is_correct) VALUES ('oz7_02a', 'qz7_02', 'Number them and pick the one you can finish today', 'logical', 1, NULL) ON CONFLICT (id) DO UPDATE SET label = EXCLUDED.label, aptitude_type = EXCLUDED.aptitude_type, order_index = EXCLUDED.order_index;
INSERT INTO public.question_options (id, question_id, label, aptitude_type, order_index, is_correct) VALUES ('oz7_02b', 'qz7_02', 'Mash two ideas into one wild invention', 'creative', 2, NULL) ON CONFLICT (id) DO UPDATE SET label = EXCLUDED.label, aptitude_type = EXCLUDED.aptitude_type, order_index = EXCLUDED.order_index;
INSERT INTO public.question_options (id, question_id, label, aptitude_type, order_index, is_correct) VALUES ('oz7_02c', 'qz7_02', 'Record a voice memo so none of them escape', 'verbal', 3, NULL) ON CONFLICT (id) DO UPDATE SET label = EXCLUDED.label, aptitude_type = EXCLUDED.aptitude_type, order_index = EXCLUDED.order_index;
INSERT INTO public.question_options (id, question_id, label, aptitude_type, order_index, is_correct) VALUES ('oz7_02d', 'qz7_02', 'Text a friend which idea sounds coolest', 'social', 4, NULL) ON CONFLICT (id) DO UPDATE SET label = EXCLUDED.label, aptitude_type = EXCLUDED.aptitude_type, order_index = EXCLUDED.order_index;

INSERT INTO public.questions (id, quiz_id, body, order_index, difficulty_level, aptitude_tag) VALUES ('qz7_03', 'quiz_007', 'A long assembly means sitting quietly for a while. Your go-to move?', 3, 3, NULL) ON CONFLICT (id) DO UPDATE SET body = EXCLUDED.body, order_index = EXCLUDED.order_index, difficulty_level = EXCLUDED.difficulty_level, quiz_id = EXCLUDED.quiz_id;
INSERT INTO public.question_options (id, question_id, label, aptitude_type, order_index, is_correct) VALUES ('oz7_03a', 'qz7_03', 'Count ceiling tiles in a pattern to stay grounded', 'logical', 1, NULL) ON CONFLICT (id) DO UPDATE SET label = EXCLUDED.label, aptitude_type = EXCLUDED.aptitude_type, order_index = EXCLUDED.order_index;
INSERT INTO public.question_options (id, question_id, label, aptitude_type, order_index, is_correct) VALUES ('oz7_03b', 'qz7_03', 'Doodle a tiny comic in the margin', 'creative', 2, NULL) ON CONFLICT (id) DO UPDATE SET label = EXCLUDED.label, aptitude_type = EXCLUDED.aptitude_type, order_index = EXCLUDED.order_index;
INSERT INTO public.question_options (id, question_id, label, aptitude_type, order_index, is_correct) VALUES ('oz7_03c', 'qz7_03', 'Silently mouth the words to a song in your head', 'verbal', 3, NULL) ON CONFLICT (id) DO UPDATE SET label = EXCLUDED.label, aptitude_type = EXCLUDED.aptitude_type, order_index = EXCLUDED.order_index;
INSERT INTO public.question_options (id, question_id, label, aptitude_type, order_index, is_correct) VALUES ('oz7_03d', 'qz7_03', 'Press feet firmly on the floor and flex calves under the chair', 'practical', 4, NULL) ON CONFLICT (id) DO UPDATE SET label = EXCLUDED.label, aptitude_type = EXCLUDED.aptitude_type, order_index = EXCLUDED.order_index;

INSERT INTO public.questions (id, quiz_id, body, order_index, difficulty_level, aptitude_tag) VALUES ('qz7_04', 'quiz_007', 'You hyperfocus on something you love and lose track of time. How do you feel about that superpower?', 4, 4, NULL) ON CONFLICT (id) DO UPDATE SET body = EXCLUDED.body, order_index = EXCLUDED.order_index, difficulty_level = EXCLUDED.difficulty_level, quiz_id = EXCLUDED.quiz_id;
INSERT INTO public.question_options (id, question_id, label, aptitude_type, order_index, is_correct) VALUES ('oz7_04a', 'qz7_04', 'Proud—I can go deeper than most people on topics I care about', 'scientific', 1, NULL) ON CONFLICT (id) DO UPDATE SET label = EXCLUDED.label, aptitude_type = EXCLUDED.aptitude_type, order_index = EXCLUDED.order_index;
INSERT INTO public.question_options (id, question_id, label, aptitude_type, order_index, is_correct) VALUES ('oz7_04b', 'qz7_04', 'Curious—I want alarms or buddies to help me pop out when needed', 'creative', 2, NULL) ON CONFLICT (id) DO UPDATE SET label = EXCLUDED.label, aptitude_type = EXCLUDED.aptitude_type, order_index = EXCLUDED.order_index;
INSERT INTO public.question_options (id, question_id, label, aptitude_type, order_index, is_correct) VALUES ('oz7_04c', 'qz7_04', 'Mixed—I will explain it to grown-ups so they get it', 'verbal', 3, NULL) ON CONFLICT (id) DO UPDATE SET label = EXCLUDED.label, aptitude_type = EXCLUDED.aptitude_type, order_index = EXCLUDED.order_index;
INSERT INTO public.question_options (id, question_id, label, aptitude_type, order_index, is_correct) VALUES ('oz7_04d', 'qz7_04', 'Hopeful—I share the fun with someone who gets excited too', 'social', 4, NULL) ON CONFLICT (id) DO UPDATE SET label = EXCLUDED.label, aptitude_type = EXCLUDED.aptitude_type, order_index = EXCLUDED.order_index;

INSERT INTO public.questions (id, quiz_id, body, order_index, difficulty_level, aptitude_tag) VALUES ('qz7_05', 'quiz_007', 'Class needs thirty quiet minutes of independent work. Which strategy fits you?', 5, 5, NULL) ON CONFLICT (id) DO UPDATE SET body = EXCLUDED.body, order_index = EXCLUDED.order_index, difficulty_level = EXCLUDED.difficulty_level, quiz_id = EXCLUDED.quiz_id;
INSERT INTO public.question_options (id, question_id, label, aptitude_type, order_index, is_correct) VALUES ('oz7_05a', 'qz7_05', 'Break the work into micro-checkboxes on a sticky note', 'logical', 1, NULL) ON CONFLICT (id) DO UPDATE SET label = EXCLUDED.label, aptitude_type = EXCLUDED.aptitude_type, order_index = EXCLUDED.order_index;
INSERT INTO public.question_options (id, question_id, label, aptitude_type, order_index, is_correct) VALUES ('oz7_05b', 'qz7_05', 'Use headphones with focus music if allowed', 'practical', 2, NULL) ON CONFLICT (id) DO UPDATE SET label = EXCLUDED.label, aptitude_type = EXCLUDED.aptitude_type, order_index = EXCLUDED.order_index;
INSERT INTO public.question_options (id, question_id, label, aptitude_type, order_index, is_correct) VALUES ('oz7_05c', 'qz7_05', 'Ask to pace at the back after finishing a chunk', 'verbal', 3, NULL) ON CONFLICT (id) DO UPDATE SET label = EXCLUDED.label, aptitude_type = EXCLUDED.aptitude_type, order_index = EXCLUDED.order_index;
INSERT INTO public.question_options (id, question_id, label, aptitude_type, order_index, is_correct) VALUES ('oz7_05d', 'qz7_05', 'Partner-check every ten minutes for quick high-fives', 'social', 4, NULL) ON CONFLICT (id) DO UPDATE SET label = EXCLUDED.label, aptitude_type = EXCLUDED.aptitude_type, order_index = EXCLUDED.order_index;

-- quiz_008: Autistic strengths (difficulty 1..5)
INSERT INTO public.questions (id, quiz_id, body, order_index, difficulty_level, aptitude_tag) VALUES ('qz8_01', 'quiz_008', 'You spot a pattern almost nobody else notices (tiles, sounds, or a schedule). What do you do?', 1, 1, NULL) ON CONFLICT (id) DO UPDATE SET body = EXCLUDED.body, order_index = EXCLUDED.order_index, difficulty_level = EXCLUDED.difficulty_level, quiz_id = EXCLUDED.quiz_id;
INSERT INTO public.question_options (id, question_id, label, aptitude_type, order_index, is_correct) VALUES ('oz8_01a', 'qz8_01', 'Point it out with a diagram or counts so others can see it too', 'scientific', 1, NULL) ON CONFLICT (id) DO UPDATE SET label = EXCLUDED.label, aptitude_type = EXCLUDED.aptitude_type, order_index = EXCLUDED.order_index;
INSERT INTO public.question_options (id, question_id, label, aptitude_type, order_index, is_correct) VALUES ('oz8_01b', 'qz8_01', 'Turn the pattern into art or a rhythm', 'creative', 2, NULL) ON CONFLICT (id) DO UPDATE SET label = EXCLUDED.label, aptitude_type = EXCLUDED.aptitude_type, order_index = EXCLUDED.order_index;
INSERT INTO public.question_options (id, question_id, label, aptitude_type, order_index, is_correct) VALUES ('oz8_01c', 'qz8_01', 'Describe it clearly to a friend in one sentence', 'verbal', 3, NULL) ON CONFLICT (id) DO UPDATE SET label = EXCLUDED.label, aptitude_type = EXCLUDED.aptitude_type, order_index = EXCLUDED.order_index;
INSERT INTO public.question_options (id, question_id, label, aptitude_type, order_index, is_correct) VALUES ('oz8_01d', 'qz8_01', 'Enjoy it privately—it feels satisfying to you', 'creative', 4, NULL) ON CONFLICT (id) DO UPDATE SET label = EXCLUDED.label, aptitude_type = EXCLUDED.aptitude_type, order_index = EXCLUDED.order_index;

INSERT INTO public.questions (id, quiz_id, body, order_index, difficulty_level, aptitude_tag) VALUES ('qz8_02', 'quiz_008', 'A loud surprise drill or bell hits. What helps you reset the fastest?', 2, 2, NULL) ON CONFLICT (id) DO UPDATE SET body = EXCLUDED.body, order_index = EXCLUDED.order_index, difficulty_level = EXCLUDED.difficulty_level, quiz_id = EXCLUDED.quiz_id;
INSERT INTO public.question_options (id, question_id, label, aptitude_type, order_index, is_correct) VALUES ('oz8_02a', 'qz8_02', 'Use a known routine: water, wall push, three slow breaths', 'practical', 1, NULL) ON CONFLICT (id) DO UPDATE SET label = EXCLUDED.label, aptitude_type = EXCLUDED.aptitude_type, order_index = EXCLUDED.order_index;
INSERT INTO public.question_options (id, question_id, label, aptitude_type, order_index, is_correct) VALUES ('oz8_02b', 'qz8_02', 'Picture your favorite calm place in detail', 'creative', 2, NULL) ON CONFLICT (id) DO UPDATE SET label = EXCLUDED.label, aptitude_type = EXCLUDED.aptitude_type, order_index = EXCLUDED.order_index;
INSERT INTO public.question_options (id, question_id, label, aptitude_type, order_index, is_correct) VALUES ('oz8_02c', 'qz8_02', 'Whisper a rehearsed phrase that means “I am safe now”', 'verbal', 3, NULL) ON CONFLICT (id) DO UPDATE SET label = EXCLUDED.label, aptitude_type = EXCLUDED.aptitude_type, order_index = EXCLUDED.order_index;
INSERT INTO public.question_options (id, question_id, label, aptitude_type, order_index, is_correct) VALUES ('oz8_02d', 'qz8_02', 'Signal a trusted adult or friend you are okay but need space', 'social', 4, NULL) ON CONFLICT (id) DO UPDATE SET label = EXCLUDED.label, aptitude_type = EXCLUDED.aptitude_type, order_index = EXCLUDED.order_index;

INSERT INTO public.questions (id, quiz_id, body, order_index, difficulty_level, aptitude_tag) VALUES ('qz8_03', 'quiz_008', 'Plans change at the last minute. What works for you?', 3, 3, NULL) ON CONFLICT (id) DO UPDATE SET body = EXCLUDED.body, order_index = EXCLUDED.order_index, difficulty_level = EXCLUDED.difficulty_level, quiz_id = EXCLUDED.quiz_id;
INSERT INTO public.question_options (id, question_id, label, aptitude_type, order_index, is_correct) VALUES ('oz8_03a', 'qz8_03', 'Ask for the new plan written down or step-by-step', 'logical', 1, NULL) ON CONFLICT (id) DO UPDATE SET label = EXCLUDED.label, aptitude_type = EXCLUDED.aptitude_type, order_index = EXCLUDED.order_index;
INSERT INTO public.question_options (id, question_id, label, aptitude_type, order_index, is_correct) VALUES ('oz8_03b', 'qz8_03', 'Reframe it as a side quest with a funny name', 'creative', 2, NULL) ON CONFLICT (id) DO UPDATE SET label = EXCLUDED.label, aptitude_type = EXCLUDED.aptitude_type, order_index = EXCLUDED.order_index;
INSERT INTO public.question_options (id, question_id, label, aptitude_type, order_index, is_correct) VALUES ('oz8_03c', 'qz8_03', 'Say what you need: time, quiet, or one clear reason', 'verbal', 3, NULL) ON CONFLICT (id) DO UPDATE SET label = EXCLUDED.label, aptitude_type = EXCLUDED.aptitude_type, order_index = EXCLUDED.order_index;
INSERT INTO public.question_options (id, question_id, label, aptitude_type, order_index, is_correct) VALUES ('oz8_03d', 'qz8_03', 'Stick with a buddy who can preview changes with you', 'social', 4, NULL) ON CONFLICT (id) DO UPDATE SET label = EXCLUDED.label, aptitude_type = EXCLUDED.aptitude_type, order_index = EXCLUDED.order_index;

INSERT INTO public.questions (id, quiz_id, body, order_index, difficulty_level, aptitude_tag) VALUES ('qz8_04', 'quiz_008', 'You have a deep special interest you could explore for hours. How do you like to share it?', 4, 4, NULL) ON CONFLICT (id) DO UPDATE SET body = EXCLUDED.body, order_index = EXCLUDED.order_index, difficulty_level = EXCLUDED.difficulty_level, quiz_id = EXCLUDED.quiz_id;
INSERT INTO public.question_options (id, question_id, label, aptitude_type, order_index, is_correct) VALUES ('oz8_04a', 'qz8_04', 'Make a fact sheet or mini museum table for show-and-tell', 'scientific', 1, NULL) ON CONFLICT (id) DO UPDATE SET label = EXCLUDED.label, aptitude_type = EXCLUDED.aptitude_type, order_index = EXCLUDED.order_index;
INSERT INTO public.question_options (id, question_id, label, aptitude_type, order_index, is_correct) VALUES ('oz8_04b', 'qz8_04', 'Build a model, costume, or playlist about it', 'creative', 2, NULL) ON CONFLICT (id) DO UPDATE SET label = EXCLUDED.label, aptitude_type = EXCLUDED.aptitude_type, order_index = EXCLUDED.order_index;
INSERT INTO public.question_options (id, question_id, label, aptitude_type, order_index, is_correct) VALUES ('oz8_04c', 'qz8_04', 'Offer “three cool things” so listeners get a sampler', 'verbal', 3, NULL) ON CONFLICT (id) DO UPDATE SET label = EXCLUDED.label, aptitude_type = EXCLUDED.aptitude_type, order_index = EXCLUDED.order_index;
INSERT INTO public.question_options (id, question_id, label, aptitude_type, order_index, is_correct) VALUES ('oz8_04d', 'qz8_04', 'Find the one friend who wants to geek out together', 'social', 4, NULL) ON CONFLICT (id) DO UPDATE SET label = EXCLUDED.label, aptitude_type = EXCLUDED.aptitude_type, order_index = EXCLUDED.order_index;

INSERT INTO public.questions (id, quiz_id, body, order_index, difficulty_level, aptitude_tag) VALUES ('qz8_05', 'quiz_008', 'Small talk feels fuzzy but facts and honesty feel great. In a group project you shine by…', 5, 5, NULL) ON CONFLICT (id) DO UPDATE SET body = EXCLUDED.body, order_index = EXCLUDED.order_index, difficulty_level = EXCLUDED.difficulty_level, quiz_id = EXCLUDED.quiz_id;
INSERT INTO public.question_options (id, question_id, label, aptitude_type, order_index, is_correct) VALUES ('oz8_05a', 'qz8_05', 'Keeping the timeline, links, and file names perfectly organized', 'logical', 1, NULL) ON CONFLICT (id) DO UPDATE SET label = EXCLUDED.label, aptitude_type = EXCLUDED.aptitude_type, order_index = EXCLUDED.order_index;
INSERT INTO public.question_options (id, question_id, label, aptitude_type, order_index, is_correct) VALUES ('oz8_05b', 'qz8_05', 'Building the prop or slide deck that makes the idea pop', 'practical', 2, NULL) ON CONFLICT (id) DO UPDATE SET label = EXCLUDED.label, aptitude_type = EXCLUDED.aptitude_type, order_index = EXCLUDED.order_index;
INSERT INTO public.question_options (id, question_id, label, aptitude_type, order_index, is_correct) VALUES ('oz8_05c', 'qz8_05', 'Saying plainly what is done and what is still needed', 'verbal', 3, NULL) ON CONFLICT (id) DO UPDATE SET label = EXCLUDED.label, aptitude_type = EXCLUDED.aptitude_type, order_index = EXCLUDED.order_index;
INSERT INTO public.question_options (id, question_id, label, aptitude_type, order_index, is_correct) VALUES ('oz8_05d', 'qz8_05', 'Making sure everyone’s idea gets on the list', 'social', 4, NULL) ON CONFLICT (id) DO UPDATE SET label = EXCLUDED.label, aptitude_type = EXCLUDED.aptitude_type, order_index = EXCLUDED.order_index;

INSERT INTO public.quiz_sessions (id, quiz_id, user_id, started_at, completed_at, status, top_aptitude, scores_json, metadata_json)
VALUES (
  'sess_001',
  'quiz_001',
  'usr_child_001',
  '2026-01-10T15:00:00Z',
  '2026-01-10T15:22:00Z',
  'completed',
  'creative',
  '{"logical":0,"creative":83.33,"verbal":16.67,"social":0,"scientific":0,"practical":0}'::jsonb,
  '{"ai_provider":"seed","profile":"Creative-Verbal","explanation":"Alex leaned into imaginative choices in this practice run.","top_strength":"Creative"}'::jsonb
),
(
  'sess_002',
  'quiz_001',
  'usr_child_001',
  '2026-02-14T10:05:00Z',
  '2026-02-14T10:28:00Z',
  'completed',
  'logical',
  '{"logical":100,"creative":0,"verbal":0,"social":0,"scientific":0,"practical":0}'::jsonb,
  '{"ai_provider":"seed","profile":"Logical-Scientific","explanation":"Alex shifted toward structured problem solving this month.","top_strength":"Logical"}'::jsonb
)
ON CONFLICT (id) DO UPDATE SET
  quiz_id = EXCLUDED.quiz_id,
  user_id = EXCLUDED.user_id,
  started_at = EXCLUDED.started_at,
  completed_at = EXCLUDED.completed_at,
  status = EXCLUDED.status,
  top_aptitude = EXCLUDED.top_aptitude,
  scores_json = EXCLUDED.scores_json,
  metadata_json = EXCLUDED.metadata_json;

INSERT INTO public.quiz_answers (id, session_id, question_id, question_option_id, aptitude_type, response_time_ms, skipped, answered_at) VALUES
  ('ans_s1_01','sess_001','q001','opt_q001_b','creative',12400,false,'2026-01-10T15:02:00Z'),
  ('ans_s1_02','sess_001','q002','opt_q002_c','verbal',8300,false,'2026-01-10T15:04:00Z'),
  ('ans_s1_03','sess_001','q003','opt_q003_b','creative',15600,false,'2026-01-10T15:06:00Z'),
  ('ans_s1_04','sess_001','q005','opt_q005_b','creative',22100,false,'2026-01-10T15:08:00Z'),
  ('ans_s1_05','sess_001','q006','opt_q006_b','creative',9100,false,'2026-01-10T15:10:00Z'),
  ('ans_s1_06','sess_001','q007','opt_q007_b','creative',30500,false,'2026-01-10T15:12:00Z'),
  ('ans_s2_01','sess_002','q001','opt_q001_a','logical',4200,false,'2026-02-14T10:07:00Z'),
  ('ans_s2_02','sess_002','q003','opt_q003_a','logical',11800,false,'2026-02-14T10:09:00Z'),
  ('ans_s2_03','sess_002','q005','opt_q005_a','logical',17600,false,'2026-02-14T10:11:00Z'),
  ('ans_s2_04','sess_002','q006','opt_q006_a','logical',9400,false,'2026-02-14T10:13:00Z'),
  ('ans_s2_05','sess_002','q009','opt_q009_a','logical',33400,false,'2026-02-14T10:15:00Z'),
  ('ans_s2_06','sess_002','q011','opt_q011_a','logical',23900,false,'2026-02-14T10:17:00Z')
ON CONFLICT (id) DO UPDATE SET
  session_id = EXCLUDED.session_id,
  question_id = EXCLUDED.question_id,
  question_option_id = EXCLUDED.question_option_id,
  aptitude_type = EXCLUDED.aptitude_type,
  response_time_ms = EXCLUDED.response_time_ms,
  skipped = EXCLUDED.skipped,
  answered_at = EXCLUDED.answered_at;
