-- Five published aptitude quizzes with explicit difficulty_level (1–5) for adaptive ordering.

-- created_by_user_id NULL so this runs without seed users (e.g. usr_parent_001).
INSERT INTO public.quizzes (id, slug, title, description, created_by_user_id, default_difficulty, time_per_question_seconds, is_published, updated_at)
VALUES
  ('quiz_002', 'team-play-stars', 'Team Play Stars', 'Teams, fairness, and cheering each other on.', NULL, 3, 55, true, now()),
  ('quiz_003', 'future-inventors', 'Future Inventors', 'Gadgets, fixes, and clever builds for tomorrow.', NULL, 3, 60, true, now()),
  ('quiz_004', 'outdoor-explorers', 'Outdoor Explorers', 'Parks, weather, critters, and backyard missions.', NULL, 3, 50, true, now()),
  ('quiz_005', 'kindness-crew', 'Kindness Crew', 'Helping others, big feelings, and community care.', NULL, 2, 55, true, now()),
  ('quiz_006', 'mystery-detectives', 'Mystery Detectives', 'Clues, patterns, and puzzle-style choices.', NULL, 4, 60, true, now())
ON CONFLICT (id) DO UPDATE SET
  slug = EXCLUDED.slug,
  title = EXCLUDED.title,
  description = EXCLUDED.description,
  is_published = EXCLUDED.is_published,
  time_per_question_seconds = EXCLUDED.time_per_question_seconds,
  default_difficulty = EXCLUDED.default_difficulty,
  updated_at = EXCLUDED.updated_at;

-- quiz_002: Team Play Stars (difficulty 1..5)
INSERT INTO public.questions (id, quiz_id, body, order_index, difficulty_level, aptitude_tag) VALUES ('qz2_01', 'quiz_002', 'Your team wins a tiny prize. What feels fairest?', 1, 1, NULL) ON CONFLICT (id) DO UPDATE SET body = EXCLUDED.body, order_index = EXCLUDED.order_index, difficulty_level = EXCLUDED.difficulty_level, quiz_id = EXCLUDED.quiz_id;
INSERT INTO public.question_options (id, question_id, label, aptitude_type, order_index, is_correct) VALUES ('oz2_01a', 'qz2_01', 'Vote with clear rules so everyone knows the plan', 'logical', 1, NULL) ON CONFLICT (id) DO UPDATE SET label = EXCLUDED.label, aptitude_type = EXCLUDED.aptitude_type, order_index = EXCLUDED.order_index;
INSERT INTO public.question_options (id, question_id, label, aptitude_type, order_index, is_correct) VALUES ('oz2_01b', 'qz2_01', 'Invent a silly trophy ceremony for the whole bench', 'creative', 2, NULL) ON CONFLICT (id) DO UPDATE SET label = EXCLUDED.label, aptitude_type = EXCLUDED.aptitude_type, order_index = EXCLUDED.order_index;
INSERT INTO public.question_options (id, question_id, label, aptitude_type, order_index, is_correct) VALUES ('oz2_01c', 'qz2_01', 'Ask each person what part of the win felt best', 'verbal', 3, NULL) ON CONFLICT (id) DO UPDATE SET label = EXCLUDED.label, aptitude_type = EXCLUDED.aptitude_type, order_index = EXCLUDED.order_index;
INSERT INTO public.question_options (id, question_id, label, aptitude_type, order_index, is_correct) VALUES ('oz2_01d', 'qz2_01', 'Spot who looks left out and pull them in first', 'social', 4, NULL) ON CONFLICT (id) DO UPDATE SET label = EXCLUDED.label, aptitude_type = EXCLUDED.aptitude_type, order_index = EXCLUDED.order_index;

INSERT INTO public.questions (id, quiz_id, body, order_index, difficulty_level, aptitude_tag) VALUES ('qz2_02', 'quiz_002', 'A teammate misses the play and looks crushed. What now?', 2, 2, NULL) ON CONFLICT (id) DO UPDATE SET body = EXCLUDED.body, order_index = EXCLUDED.order_index, difficulty_level = EXCLUDED.difficulty_level, quiz_id = EXCLUDED.quiz_id;
INSERT INTO public.question_options (id, question_id, label, aptitude_type, order_index, is_correct) VALUES ('oz2_02a', 'qz2_02', 'Replay the moment step by step without blame', 'logical', 1, NULL) ON CONFLICT (id) DO UPDATE SET label = EXCLUDED.label, aptitude_type = EXCLUDED.aptitude_type, order_index = EXCLUDED.order_index;
INSERT INTO public.question_options (id, question_id, label, aptitude_type, order_index, is_correct) VALUES ('oz2_02b', 'qz2_02', 'Sketch a quick comic that makes them smile', 'creative', 2, NULL) ON CONFLICT (id) DO UPDATE SET label = EXCLUDED.label, aptitude_type = EXCLUDED.aptitude_type, order_index = EXCLUDED.order_index;
INSERT INTO public.question_options (id, question_id, label, aptitude_type, order_index, is_correct) VALUES ('oz2_02c', 'qz2_02', 'Say one honest sentence you believe about them', 'verbal', 3, NULL) ON CONFLICT (id) DO UPDATE SET label = EXCLUDED.label, aptitude_type = EXCLUDED.aptitude_type, order_index = EXCLUDED.order_index;
INSERT INTO public.question_options (id, question_id, label, aptitude_type, order_index, is_correct) VALUES ('oz2_02d', 'qz2_02', 'Call a ten-second huddle to reset the team mood', 'social', 4, NULL) ON CONFLICT (id) DO UPDATE SET label = EXCLUDED.label, aptitude_type = EXCLUDED.aptitude_type, order_index = EXCLUDED.order_index;

INSERT INTO public.questions (id, quiz_id, body, order_index, difficulty_level, aptitude_tag) VALUES ('qz2_03', 'quiz_002', 'Captains disagree on the next play. Your move?', 3, 3, NULL) ON CONFLICT (id) DO UPDATE SET body = EXCLUDED.body, order_index = EXCLUDED.order_index, difficulty_level = EXCLUDED.difficulty_level, quiz_id = EXCLUDED.quiz_id;
INSERT INTO public.question_options (id, question_id, label, aptitude_type, order_index, is_correct) VALUES ('oz2_03a', 'qz2_03', 'List pros and cons on the back of a clipboard', 'logical', 1, NULL) ON CONFLICT (id) DO UPDATE SET label = EXCLUDED.label, aptitude_type = EXCLUDED.aptitude_type, order_index = EXCLUDED.order_index;
INSERT INTO public.question_options (id, question_id, label, aptitude_type, order_index, is_correct) VALUES ('oz2_03b', 'qz2_03', 'Merge both ideas into a hybrid play', 'creative', 2, NULL) ON CONFLICT (id) DO UPDATE SET label = EXCLUDED.label, aptitude_type = EXCLUDED.aptitude_type, order_index = EXCLUDED.order_index;
INSERT INTO public.question_options (id, question_id, label, aptitude_type, order_index, is_correct) VALUES ('oz2_03c', 'qz2_03', 'Repeat each captain''s view in calm words', 'verbal', 3, NULL) ON CONFLICT (id) DO UPDATE SET label = EXCLUDED.label, aptitude_type = EXCLUDED.aptitude_type, order_index = EXCLUDED.order_index;
INSERT INTO public.question_options (id, question_id, label, aptitude_type, order_index, is_correct) VALUES ('oz2_03d', 'qz2_03', 'Let the bench vote with a quick show of hands', 'social', 4, NULL) ON CONFLICT (id) DO UPDATE SET label = EXCLUDED.label, aptitude_type = EXCLUDED.aptitude_type, order_index = EXCLUDED.order_index;

INSERT INTO public.questions (id, quiz_id, body, order_index, difficulty_level, aptitude_tag) VALUES ('qz2_04', 'quiz_002', 'You lose a heartbreaker by one point. Next practice?', 4, 4, NULL) ON CONFLICT (id) DO UPDATE SET body = EXCLUDED.body, order_index = EXCLUDED.order_index, difficulty_level = EXCLUDED.difficulty_level, quiz_id = EXCLUDED.quiz_id;
INSERT INTO public.question_options (id, question_id, label, aptitude_type, order_index, is_correct) VALUES ('oz2_04a', 'qz2_04', 'Track stats to find one skill to level up', 'scientific', 1, NULL) ON CONFLICT (id) DO UPDATE SET label = EXCLUDED.label, aptitude_type = EXCLUDED.aptitude_type, order_index = EXCLUDED.order_index;
INSERT INTO public.question_options (id, question_id, label, aptitude_type, order_index, is_correct) VALUES ('oz2_04b', 'qz2_04', 'Design a new warm-up that feels like a game', 'creative', 2, NULL) ON CONFLICT (id) DO UPDATE SET label = EXCLUDED.label, aptitude_type = EXCLUDED.aptitude_type, order_index = EXCLUDED.order_index;
INSERT INTO public.question_options (id, question_id, label, aptitude_type, order_index, is_correct) VALUES ('oz2_04c', 'qz2_04', 'Give a short speech about one bright moment', 'verbal', 3, NULL) ON CONFLICT (id) DO UPDATE SET label = EXCLUDED.label, aptitude_type = EXCLUDED.aptitude_type, order_index = EXCLUDED.order_index;
INSERT INTO public.question_options (id, question_id, label, aptitude_type, order_index, is_correct) VALUES ('oz2_04d', 'qz2_04', 'Pair veterans with rookies for drills', 'social', 4, NULL) ON CONFLICT (id) DO UPDATE SET label = EXCLUDED.label, aptitude_type = EXCLUDED.aptitude_type, order_index = EXCLUDED.order_index;

INSERT INTO public.questions (id, quiz_id, body, order_index, difficulty_level, aptitude_tag) VALUES ('qz2_05', 'quiz_002', 'Fundraiser booth planning with a tight deadline. You lead how?', 5, 5, NULL) ON CONFLICT (id) DO UPDATE SET body = EXCLUDED.body, order_index = EXCLUDED.order_index, difficulty_level = EXCLUDED.difficulty_level, quiz_id = EXCLUDED.quiz_id;
INSERT INTO public.question_options (id, question_id, label, aptitude_type, order_index, is_correct) VALUES ('oz2_05a', 'qz2_05', 'Build a minute-by-minute task board', 'logical', 1, NULL) ON CONFLICT (id) DO UPDATE SET label = EXCLUDED.label, aptitude_type = EXCLUDED.aptitude_type, order_index = EXCLUDED.order_index;
INSERT INTO public.question_options (id, question_id, label, aptitude_type, order_index, is_correct) VALUES ('oz2_05b', 'qz2_05', 'Theme the booth so it pops from far away', 'creative', 2, NULL) ON CONFLICT (id) DO UPDATE SET label = EXCLUDED.label, aptitude_type = EXCLUDED.aptitude_type, order_index = EXCLUDED.order_index;
INSERT INTO public.question_options (id, question_id, label, aptitude_type, order_index, is_correct) VALUES ('oz2_05c', 'qz2_05', 'Write a catchy pitch for passersby', 'verbal', 3, NULL) ON CONFLICT (id) DO UPDATE SET label = EXCLUDED.label, aptitude_type = EXCLUDED.aptitude_type, order_index = EXCLUDED.order_index;
INSERT INTO public.question_options (id, question_id, label, aptitude_type, order_index, is_correct) VALUES ('oz2_05d', 'qz2_05', 'Assign pairs so nobody works alone', 'practical', 4, NULL) ON CONFLICT (id) DO UPDATE SET label = EXCLUDED.label, aptitude_type = EXCLUDED.aptitude_type, order_index = EXCLUDED.order_index;

-- quiz_003: Future Inventors
INSERT INTO public.questions (id, quiz_id, body, order_index, difficulty_level, aptitude_tag) VALUES ('qz3_01', 'quiz_003', 'Your backpack zipper jams every morning. First idea?', 1, 1, NULL) ON CONFLICT (id) DO UPDATE SET body = EXCLUDED.body, order_index = EXCLUDED.order_index, difficulty_level = EXCLUDED.difficulty_level, quiz_id = EXCLUDED.quiz_id;
INSERT INTO public.question_options (id, question_id, label, aptitude_type, order_index, is_correct) VALUES ('oz3_01a', 'qz3_01', 'Test which angle pulls smoothest', 'scientific', 1, NULL) ON CONFLICT (id) DO UPDATE SET label = EXCLUDED.label, aptitude_type = EXCLUDED.aptitude_type, order_index = EXCLUDED.order_index;
INSERT INTO public.question_options (id, question_id, label, aptitude_type, order_index, is_correct) VALUES ('oz3_01b', 'qz3_01', 'Doodle a zipper-bot that fixes itself', 'creative', 2, NULL) ON CONFLICT (id) DO UPDATE SET label = EXCLUDED.label, aptitude_type = EXCLUDED.aptitude_type, order_index = EXCLUDED.order_index;
INSERT INTO public.question_options (id, question_id, label, aptitude_type, order_index, is_correct) VALUES ('oz3_01c', 'qz3_01', 'Explain the problem to a grown-up in one breath', 'verbal', 3, NULL) ON CONFLICT (id) DO UPDATE SET label = EXCLUDED.label, aptitude_type = EXCLUDED.aptitude_type, order_index = EXCLUDED.order_index;
INSERT INTO public.question_options (id, question_id, label, aptitude_type, order_index, is_correct) VALUES ('oz3_01d', 'qz3_01', 'Swap in a key ring pull for more grip', 'practical', 4, NULL) ON CONFLICT (id) DO UPDATE SET label = EXCLUDED.label, aptitude_type = EXCLUDED.aptitude_type, order_index = EXCLUDED.order_index;

INSERT INTO public.questions (id, quiz_id, body, order_index, difficulty_level, aptitude_tag) VALUES ('qz3_02', 'quiz_003', 'Invent something that helps sleepy mornings.', 2, 2, NULL) ON CONFLICT (id) DO UPDATE SET body = EXCLUDED.body, order_index = EXCLUDED.order_index, difficulty_level = EXCLUDED.difficulty_level, quiz_id = EXCLUDED.quiz_id;
INSERT INTO public.question_options (id, question_id, label, aptitude_type, order_index, is_correct) VALUES ('oz3_02a', 'qz3_02', 'Timer lights that brighten slowly like sunrise', 'logical', 1, NULL) ON CONFLICT (id) DO UPDATE SET label = EXCLUDED.label, aptitude_type = EXCLUDED.aptitude_type, order_index = EXCLUDED.order_index;
INSERT INTO public.question_options (id, question_id, label, aptitude_type, order_index, is_correct) VALUES ('oz3_02b', 'qz3_02', 'A breakfast playlist that only plays happy songs', 'creative', 2, NULL) ON CONFLICT (id) DO UPDATE SET label = EXCLUDED.label, aptitude_type = EXCLUDED.aptitude_type, order_index = EXCLUDED.order_index;
INSERT INTO public.question_options (id, question_id, label, aptitude_type, order_index, is_correct) VALUES ('oz3_02c', 'qz3_02', 'A voice memo from future-you saying “you got this”', 'verbal', 3, NULL) ON CONFLICT (id) DO UPDATE SET label = EXCLUDED.label, aptitude_type = EXCLUDED.aptitude_type, order_index = EXCLUDED.order_index;
INSERT INTO public.question_options (id, question_id, label, aptitude_type, order_index, is_correct) VALUES ('oz3_02d', 'qz3_02', 'Lay clothes out on a chair the night before', 'practical', 4, NULL) ON CONFLICT (id) DO UPDATE SET label = EXCLUDED.label, aptitude_type = EXCLUDED.aptitude_type, order_index = EXCLUDED.order_index;

INSERT INTO public.questions (id, quiz_id, body, order_index, difficulty_level, aptitude_tag) VALUES ('qz3_03', 'quiz_003', 'Design a robot helper for your classroom.', 3, 3, NULL) ON CONFLICT (id) DO UPDATE SET body = EXCLUDED.body, order_index = EXCLUDED.order_index, difficulty_level = EXCLUDED.difficulty_level, quiz_id = EXCLUDED.quiz_id;
INSERT INTO public.question_options (id, question_id, label, aptitude_type, order_index, is_correct) VALUES ('oz3_03a', 'qz3_03', 'Sort supplies and tally what runs out fastest', 'logical', 1, NULL) ON CONFLICT (id) DO UPDATE SET label = EXCLUDED.label, aptitude_type = EXCLUDED.aptitude_type, order_index = EXCLUDED.order_index;
INSERT INTO public.question_options (id, question_id, label, aptitude_type, order_index, is_correct) VALUES ('oz3_03b', 'qz3_03', 'Paint it like a friendly space pup', 'creative', 2, NULL) ON CONFLICT (id) DO UPDATE SET label = EXCLUDED.label, aptitude_type = EXCLUDED.aptitude_type, order_index = EXCLUDED.order_index;
INSERT INTO public.question_options (id, question_id, label, aptitude_type, order_index, is_correct) VALUES ('oz3_03c', 'qz3_03', 'Program jokes for quiet reading time', 'verbal', 3, NULL) ON CONFLICT (id) DO UPDATE SET label = EXCLUDED.label, aptitude_type = EXCLUDED.aptitude_type, order_index = EXCLUDED.order_index;
INSERT INTO public.question_options (id, question_id, label, aptitude_type, order_index, is_correct) VALUES ('oz3_03d', 'qz3_03', 'Wheel supplies to partners who need them', 'social', 4, NULL) ON CONFLICT (id) DO UPDATE SET label = EXCLUDED.label, aptitude_type = EXCLUDED.aptitude_type, order_index = EXCLUDED.order_index;

INSERT INTO public.questions (id, quiz_id, body, order_index, difficulty_level, aptitude_tag) VALUES ('qz3_04', 'quiz_003', 'Power goes out during homework. Your hack?', 4, 4, NULL) ON CONFLICT (id) DO UPDATE SET body = EXCLUDED.body, order_index = EXCLUDED.order_index, difficulty_level = EXCLUDED.difficulty_level, quiz_id = EXCLUDED.quiz_id;
INSERT INTO public.question_options (id, question_id, label, aptitude_type, order_index, is_correct) VALUES ('oz3_04a', 'qz3_04', 'Estimate battery life and prioritize tasks', 'logical', 1, NULL) ON CONFLICT (id) DO UPDATE SET label = EXCLUDED.label, aptitude_type = EXCLUDED.aptitude_type, order_index = EXCLUDED.order_index;
INSERT INTO public.question_options (id, question_id, label, aptitude_type, order_index, is_correct) VALUES ('oz3_04b', 'qz3_04', 'Build a fort-lit desk with flashlights', 'creative', 2, NULL) ON CONFLICT (id) DO UPDATE SET label = EXCLUDED.label, aptitude_type = EXCLUDED.aptitude_type, order_index = EXCLUDED.order_index;
INSERT INTO public.question_options (id, question_id, label, aptitude_type, order_index, is_correct) VALUES ('oz3_04c', 'qz3_04', 'Dictate answers to someone who can type later', 'verbal', 3, NULL) ON CONFLICT (id) DO UPDATE SET label = EXCLUDED.label, aptitude_type = EXCLUDED.aptitude_type, order_index = EXCLUDED.order_index;
INSERT INTO public.question_options (id, question_id, label, aptitude_type, order_index, is_correct) VALUES ('oz3_04d', 'qz3_04', 'Move near the window before sunset', 'practical', 4, NULL) ON CONFLICT (id) DO UPDATE SET label = EXCLUDED.label, aptitude_type = EXCLUDED.aptitude_type, order_index = EXCLUDED.order_index;

INSERT INTO public.questions (id, quiz_id, body, order_index, difficulty_level, aptitude_tag) VALUES ('qz3_05', 'quiz_003', 'City wants kid ideas for safer crosswalks. You pitch?', 5, 5, NULL) ON CONFLICT (id) DO UPDATE SET body = EXCLUDED.body, order_index = EXCLUDED.order_index, difficulty_level = EXCLUDED.difficulty_level, quiz_id = EXCLUDED.quiz_id;
INSERT INTO public.question_options (id, question_id, label, aptitude_type, order_index, is_correct) VALUES ('oz3_05a', 'qz3_05', 'Time how long lights stay green vs kids'' walking speed', 'scientific', 1, NULL) ON CONFLICT (id) DO UPDATE SET label = EXCLUDED.label, aptitude_type = EXCLUDED.aptitude_type, order_index = EXCLUDED.order_index;
INSERT INTO public.question_options (id, question_id, label, aptitude_type, order_index, is_correct) VALUES ('oz3_05b', 'qz3_05', 'Glow-in-the-dark hopscotch paths', 'creative', 2, NULL) ON CONFLICT (id) DO UPDATE SET label = EXCLUDED.label, aptitude_type = EXCLUDED.aptitude_type, order_index = EXCLUDED.order_index;
INSERT INTO public.question_options (id, question_id, label, aptitude_type, order_index, is_correct) VALUES ('oz3_05c', 'qz3_05', 'A thirty-second speech for the town video', 'verbal', 3, NULL) ON CONFLICT (id) DO UPDATE SET label = EXCLUDED.label, aptitude_type = EXCLUDED.aptitude_type, order_index = EXCLUDED.order_index;
INSERT INTO public.question_options (id, question_id, label, aptitude_type, order_index, is_correct) VALUES ('oz3_05d', 'qz3_05', 'Buddy pairs for crossing big streets', 'social', 4, NULL) ON CONFLICT (id) DO UPDATE SET label = EXCLUDED.label, aptitude_type = EXCLUDED.aptitude_type, order_index = EXCLUDED.order_index;

-- quiz_004: Outdoor Explorers
INSERT INTO public.questions (id, quiz_id, body, order_index, difficulty_level, aptitude_tag) VALUES ('qz4_01', 'quiz_004', 'A puddle river appears after rain. What do you explore?', 1, 1, NULL) ON CONFLICT (id) DO UPDATE SET body = EXCLUDED.body, order_index = EXCLUDED.order_index, difficulty_level = EXCLUDED.difficulty_level, quiz_id = EXCLUDED.quiz_id;
INSERT INTO public.question_options (id, question_id, label, aptitude_type, order_index, is_correct) VALUES ('oz4_01a', 'qz4_01', 'Measure how deep it gets with a stick ruler', 'scientific', 1, NULL) ON CONFLICT (id) DO UPDATE SET label = EXCLUDED.label, aptitude_type = EXCLUDED.aptitude_type, order_index = EXCLUDED.order_index;
INSERT INTO public.question_options (id, question_id, label, aptitude_type, order_index, is_correct) VALUES ('oz4_01b', 'qz4_01', 'Float leaf boats with tiny flag sails', 'creative', 2, NULL) ON CONFLICT (id) DO UPDATE SET label = EXCLUDED.label, aptitude_type = EXCLUDED.aptitude_type, order_index = EXCLUDED.order_index;
INSERT INTO public.question_options (id, question_id, label, aptitude_type, order_index, is_correct) VALUES ('oz4_01c', 'qz4_01', 'Narrate a nature documentary voice-over', 'verbal', 3, NULL) ON CONFLICT (id) DO UPDATE SET label = EXCLUDED.label, aptitude_type = EXCLUDED.aptitude_type, order_index = EXCLUDED.order_index;
INSERT INTO public.question_options (id, question_id, label, aptitude_type, order_index, is_correct) VALUES ('oz4_01d', 'qz4_01', 'Build a tiny bridge from flat stones', 'practical', 4, NULL) ON CONFLICT (id) DO UPDATE SET label = EXCLUDED.label, aptitude_type = EXCLUDED.aptitude_type, order_index = EXCLUDED.order_index;

INSERT INTO public.questions (id, quiz_id, body, order_index, difficulty_level, aptitude_tag) VALUES ('qz4_02', 'quiz_004', 'Wind flips your picnic blanket. Plan B?', 2, 2, NULL) ON CONFLICT (id) DO UPDATE SET body = EXCLUDED.body, order_index = EXCLUDED.order_index, difficulty_level = EXCLUDED.difficulty_level, quiz_id = EXCLUDED.quiz_id;
INSERT INTO public.question_options (id, question_id, label, aptitude_type, order_index, is_correct) VALUES ('oz4_02a', 'qz4_02', 'Check wind direction and rotate the setup', 'logical', 1, NULL) ON CONFLICT (id) DO UPDATE SET label = EXCLUDED.label, aptitude_type = EXCLUDED.aptitude_type, order_index = EXCLUDED.order_index;
INSERT INTO public.question_options (id, question_id, label, aptitude_type, order_index, is_correct) VALUES ('oz4_02b', 'qz4_02', 'Turn the blanket into a cape parade', 'creative', 2, NULL) ON CONFLICT (id) DO UPDATE SET label = EXCLUDED.label, aptitude_type = EXCLUDED.aptitude_type, order_index = EXCLUDED.order_index;
INSERT INTO public.question_options (id, question_id, label, aptitude_type, order_index, is_correct) VALUES ('oz4_02c', 'qz4_02', 'Announce a “low gravity snack zone” joke', 'verbal', 3, NULL) ON CONFLICT (id) DO UPDATE SET label = EXCLUDED.label, aptitude_type = EXCLUDED.aptitude_type, order_index = EXCLUDED.order_index;
INSERT INTO public.question_options (id, question_id, label, aptitude_type, order_index, is_correct) VALUES ('oz4_02d', 'qz4_02', 'Ask everyone to sit in a circle on the grass', 'social', 4, NULL) ON CONFLICT (id) DO UPDATE SET label = EXCLUDED.label, aptitude_type = EXCLUDED.aptitude_type, order_index = EXCLUDED.order_index;

INSERT INTO public.questions (id, quiz_id, body, order_index, difficulty_level, aptitude_tag) VALUES ('qz4_03', 'quiz_004', 'You hear rustling in a bush. Curious but safe—how?', 3, 3, NULL) ON CONFLICT (id) DO UPDATE SET body = EXCLUDED.body, order_index = EXCLUDED.order_index, difficulty_level = EXCLUDED.difficulty_level, quiz_id = EXCLUDED.quiz_id;
INSERT INTO public.question_options (id, question_id, label, aptitude_type, order_index, is_correct) VALUES ('oz4_03a', 'qz4_03', 'Note time, sounds, and leaf movement', 'scientific', 1, NULL) ON CONFLICT (id) DO UPDATE SET label = EXCLUDED.label, aptitude_type = EXCLUDED.aptitude_type, order_index = EXCLUDED.order_index;
INSERT INTO public.question_options (id, question_id, label, aptitude_type, order_index, is_correct) VALUES ('oz4_03b', 'qz4_03', 'Sketch what you imagine lives inside', 'creative', 2, NULL) ON CONFLICT (id) DO UPDATE SET label = EXCLUDED.label, aptitude_type = EXCLUDED.aptitude_type, order_index = EXCLUDED.order_index;
INSERT INTO public.question_options (id, question_id, label, aptitude_type, order_index, is_correct) VALUES ('oz4_03c', 'qz4_03', 'Whisper guesses to a grown-up nearby', 'verbal', 3, NULL) ON CONFLICT (id) DO UPDATE SET label = EXCLUDED.label, aptitude_type = EXCLUDED.aptitude_type, order_index = EXCLUDED.order_index;
INSERT INTO public.question_options (id, question_id, label, aptitude_type, order_index, is_correct) VALUES ('oz4_03d', 'qz4_03', 'Stay arm-length back and watch with a friend', 'social', 4, NULL) ON CONFLICT (id) DO UPDATE SET label = EXCLUDED.label, aptitude_type = EXCLUDED.aptitude_type, order_index = EXCLUDED.order_index;

INSERT INTO public.questions (id, quiz_id, body, order_index, difficulty_level, aptitude_tag) VALUES ('qz4_04', 'quiz_004', 'Trail map looks confusing. Your strategy?', 4, 4, NULL) ON CONFLICT (id) DO UPDATE SET body = EXCLUDED.body, order_index = EXCLUDED.order_index, difficulty_level = EXCLUDED.difficulty_level, quiz_id = EXCLUDED.quiz_id;
INSERT INTO public.question_options (id, question_id, label, aptitude_type, order_index, is_correct) VALUES ('oz4_04a', 'qz4_04', 'Match landmarks to the legend key', 'logical', 1, NULL) ON CONFLICT (id) DO UPDATE SET label = EXCLUDED.label, aptitude_type = EXCLUDED.aptitude_type, order_index = EXCLUDED.order_index;
INSERT INTO public.question_options (id, question_id, label, aptitude_type, order_index, is_correct) VALUES ('oz4_04b', 'qz4_04', 'Draw your own cartoon map on the back', 'creative', 2, NULL) ON CONFLICT (id) DO UPDATE SET label = EXCLUDED.label, aptitude_type = EXCLUDED.aptitude_type, order_index = EXCLUDED.order_index;
INSERT INTO public.question_options (id, question_id, label, aptitude_type, order_index, is_correct) VALUES ('oz4_04c', 'qz4_04', 'Read trail names out loud like a tour guide', 'verbal', 3, NULL) ON CONFLICT (id) DO UPDATE SET label = EXCLUDED.label, aptitude_type = EXCLUDED.aptitude_type, order_index = EXCLUDED.order_index;
INSERT INTO public.question_options (id, question_id, label, aptitude_type, order_index, is_correct) VALUES ('oz4_04d', 'qz4_04', 'Take the lead for five minutes then rotate', 'social', 4, NULL) ON CONFLICT (id) DO UPDATE SET label = EXCLUDED.label, aptitude_type = EXCLUDED.aptitude_type, order_index = EXCLUDED.order_index;

INSERT INTO public.questions (id, quiz_id, body, order_index, difficulty_level, aptitude_tag) VALUES ('qz4_05', 'quiz_004', 'Heat wave at the playground. Community idea?', 5, 5, NULL) ON CONFLICT (id) DO UPDATE SET body = EXCLUDED.body, order_index = EXCLUDED.order_index, difficulty_level = EXCLUDED.difficulty_level, quiz_id = EXCLUDED.quiz_id;
INSERT INTO public.question_options (id, question_id, label, aptitude_type, order_index, is_correct) VALUES ('oz4_05a', 'qz4_05', 'Track shade times on different structures', 'scientific', 1, NULL) ON CONFLICT (id) DO UPDATE SET label = EXCLUDED.label, aptitude_type = EXCLUDED.aptitude_type, order_index = EXCLUDED.order_index;
INSERT INTO public.question_options (id, question_id, label, aptitude_type, order_index, is_correct) VALUES ('oz4_05b', 'qz4_05', 'Sprinkler art with recycled bottles', 'creative', 2, NULL) ON CONFLICT (id) DO UPDATE SET label = EXCLUDED.label, aptitude_type = EXCLUDED.aptitude_type, order_index = EXCLUDED.order_index;
INSERT INTO public.question_options (id, question_id, label, aptitude_type, order_index, is_correct) VALUES ('oz4_05c', 'qz4_05', 'Record a PSA about water breaks', 'verbal', 3, NULL) ON CONFLICT (id) DO UPDATE SET label = EXCLUDED.label, aptitude_type = EXCLUDED.aptitude_type, order_index = EXCLUDED.order_index;
INSERT INTO public.question_options (id, question_id, label, aptitude_type, order_index, is_correct) VALUES ('oz4_05d', 'qz4_05', 'Share a cooler rotation schedule', 'practical', 4, NULL) ON CONFLICT (id) DO UPDATE SET label = EXCLUDED.label, aptitude_type = EXCLUDED.aptitude_type, order_index = EXCLUDED.order_index;

-- quiz_005: Kindness Crew
INSERT INTO public.questions (id, quiz_id, body, order_index, difficulty_level, aptitude_tag) VALUES ('qz5_01', 'quiz_005', 'A friend drops their ice cream. You…', 1, 1, NULL) ON CONFLICT (id) DO UPDATE SET body = EXCLUDED.body, order_index = EXCLUDED.order_index, difficulty_level = EXCLUDED.difficulty_level, quiz_id = EXCLUDED.quiz_id;
INSERT INTO public.question_options (id, question_id, label, aptitude_type, order_index, is_correct) VALUES ('oz5_01a', 'qz5_01', 'Offer half of yours on a clean napkin', 'social', 1, NULL) ON CONFLICT (id) DO UPDATE SET label = EXCLUDED.label, aptitude_type = EXCLUDED.aptitude_type, order_index = EXCLUDED.order_index;
INSERT INTO public.question_options (id, question_id, label, aptitude_type, order_index, is_correct) VALUES ('oz5_01b', 'qz5_01', 'Draw a smiley on their cone wrapper', 'creative', 2, NULL) ON CONFLICT (id) DO UPDATE SET label = EXCLUDED.label, aptitude_type = EXCLUDED.aptitude_type, order_index = EXCLUDED.order_index;
INSERT INTO public.question_options (id, question_id, label, aptitude_type, order_index, is_correct) VALUES ('oz5_01c', 'qz5_01', 'Say “that stinks—I''m sorry that happened”', 'verbal', 3, NULL) ON CONFLICT (id) DO UPDATE SET label = EXCLUDED.label, aptitude_type = EXCLUDED.aptitude_type, order_index = EXCLUDED.order_index;
INSERT INTO public.question_options (id, question_id, label, aptitude_type, order_index, is_correct) VALUES ('oz5_01d', 'qz5_01', 'Grab napkins before the melt spreads', 'practical', 4, NULL) ON CONFLICT (id) DO UPDATE SET label = EXCLUDED.label, aptitude_type = EXCLUDED.aptitude_type, order_index = EXCLUDED.order_index;

INSERT INTO public.questions (id, quiz_id, body, order_index, difficulty_level, aptitude_tag) VALUES ('qz5_02', 'quiz_005', 'Someone spreads a rumor about you. First step?', 2, 2, NULL) ON CONFLICT (id) DO UPDATE SET body = EXCLUDED.body, order_index = EXCLUDED.order_index, difficulty_level = EXCLUDED.difficulty_level, quiz_id = EXCLUDED.quiz_id;
INSERT INTO public.question_options (id, question_id, label, aptitude_type, order_index, is_correct) VALUES ('oz5_02a', 'qz5_02', 'Write facts vs guesses in two columns', 'logical', 1, NULL) ON CONFLICT (id) DO UPDATE SET label = EXCLUDED.label, aptitude_type = EXCLUDED.aptitude_type, order_index = EXCLUDED.order_index;
INSERT INTO public.question_options (id, question_id, label, aptitude_type, order_index, is_correct) VALUES ('oz5_02b', 'qz5_02', 'Channel feelings into a private journal comic', 'creative', 2, NULL) ON CONFLICT (id) DO UPDATE SET label = EXCLUDED.label, aptitude_type = EXCLUDED.aptitude_type, order_index = EXCLUDED.order_index;
INSERT INTO public.question_options (id, question_id, label, aptitude_type, order_index, is_correct) VALUES ('oz5_02c', 'qz5_02', 'Ask a trusted adult for wording help', 'verbal', 3, NULL) ON CONFLICT (id) DO UPDATE SET label = EXCLUDED.label, aptitude_type = EXCLUDED.aptitude_type, order_index = EXCLUDED.order_index;
INSERT INTO public.question_options (id, question_id, label, aptitude_type, order_index, is_correct) VALUES ('oz5_02d', 'qz5_02', 'Talk calmly with the person who started it', 'social', 4, NULL) ON CONFLICT (id) DO UPDATE SET label = EXCLUDED.label, aptitude_type = EXCLUDED.aptitude_type, order_index = EXCLUDED.order_index;

INSERT INTO public.questions (id, quiz_id, body, order_index, difficulty_level, aptitude_tag) VALUES ('qz5_03', 'quiz_005', 'New neighbor kid speaks a different language. Connect how?', 3, 3, NULL) ON CONFLICT (id) DO UPDATE SET body = EXCLUDED.body, order_index = EXCLUDED.order_index, difficulty_level = EXCLUDED.difficulty_level, quiz_id = EXCLUDED.quiz_id;
INSERT INTO public.question_options (id, question_id, label, aptitude_type, order_index, is_correct) VALUES ('oz5_03a', 'qz5_03', 'Label objects in both languages on cards', 'logical', 1, NULL) ON CONFLICT (id) DO UPDATE SET label = EXCLUDED.label, aptitude_type = EXCLUDED.aptitude_type, order_index = EXCLUDED.order_index;
INSERT INTO public.question_options (id, question_id, label, aptitude_type, order_index, is_correct) VALUES ('oz5_03b', 'qz5_03', 'Teach a gesture game that needs no words', 'creative', 2, NULL) ON CONFLICT (id) DO UPDATE SET label = EXCLUDED.label, aptitude_type = EXCLUDED.aptitude_type, order_index = EXCLUDED.order_index;
INSERT INTO public.question_options (id, question_id, label, aptitude_type, order_index, is_correct) VALUES ('oz5_03c', 'qz5_03', 'Learn three hello phrases from a phone app', 'verbal', 3, NULL) ON CONFLICT (id) DO UPDATE SET label = EXCLUDED.label, aptitude_type = EXCLUDED.aptitude_type, order_index = EXCLUDED.order_index;
INSERT INTO public.question_options (id, question_id, label, aptitude_type, order_index, is_correct) VALUES ('oz5_03d', 'qz5_03', 'Invite them into a group game with demos', 'social', 4, NULL) ON CONFLICT (id) DO UPDATE SET label = EXCLUDED.label, aptitude_type = EXCLUDED.aptitude_type, order_index = EXCLUDED.order_index;

INSERT INTO public.questions (id, quiz_id, body, order_index, difficulty_level, aptitude_tag) VALUES ('qz5_04', 'quiz_005', 'Food drive box is almost empty on pickup day.', 4, 4, NULL) ON CONFLICT (id) DO UPDATE SET body = EXCLUDED.body, order_index = EXCLUDED.order_index, difficulty_level = EXCLUDED.difficulty_level, quiz_id = EXCLUDED.quiz_id;
INSERT INTO public.question_options (id, question_id, label, aptitude_type, order_index, is_correct) VALUES ('oz5_04a', 'qz5_04', 'List top-needed items from the flyer', 'logical', 1, NULL) ON CONFLICT (id) DO UPDATE SET label = EXCLUDED.label, aptitude_type = EXCLUDED.aptitude_type, order_index = EXCLUDED.order_index;
INSERT INTO public.question_options (id, question_id, label, aptitude_type, order_index, is_correct) VALUES ('oz5_04b', 'qz5_04', 'Decorate the box with thank-you doodles', 'creative', 2, NULL) ON CONFLICT (id) DO UPDATE SET label = EXCLUDED.label, aptitude_type = EXCLUDED.aptitude_type, order_index = EXCLUDED.order_index;
INSERT INTO public.question_options (id, question_id, label, aptitude_type, order_index, is_correct) VALUES ('oz5_04c', 'qz5_04', 'Record a class shout-out for donors', 'verbal', 3, NULL) ON CONFLICT (id) DO UPDATE SET label = EXCLUDED.label, aptitude_type = EXCLUDED.aptitude_type, order_index = EXCLUDED.order_index;
INSERT INTO public.question_options (id, question_id, label, aptitude_type, order_index, is_correct) VALUES ('oz5_04d', 'qz5_04', 'Door-knock three neighbors with a parent', 'social', 4, NULL) ON CONFLICT (id) DO UPDATE SET label = EXCLUDED.label, aptitude_type = EXCLUDED.aptitude_type, order_index = EXCLUDED.order_index;

INSERT INTO public.questions (id, quiz_id, body, order_index, difficulty_level, aptitude_tag) VALUES ('qz5_05', 'quiz_005', 'Classmate seems anxious before a test. Subtle help?', 5, 5, NULL) ON CONFLICT (id) DO UPDATE SET body = EXCLUDED.body, order_index = EXCLUDED.order_index, difficulty_level = EXCLUDED.difficulty_level, quiz_id = EXCLUDED.quiz_id;
INSERT INTO public.question_options (id, question_id, label, aptitude_type, order_index, is_correct) VALUES ('oz5_05a', 'qz5_05', 'Share a breathing count trick that works for you', 'scientific', 1, NULL) ON CONFLICT (id) DO UPDATE SET label = EXCLUDED.label, aptitude_type = EXCLUDED.aptitude_type, order_index = EXCLUDED.order_index;
INSERT INTO public.question_options (id, question_id, label, aptitude_type, order_index, is_correct) VALUES ('oz5_05b', 'qz5_05', 'Slide them a lucky eraser you decorated', 'creative', 2, NULL) ON CONFLICT (id) DO UPDATE SET label = EXCLUDED.label, aptitude_type = EXCLUDED.aptitude_type, order_index = EXCLUDED.order_index;
INSERT INTO public.question_options (id, question_id, label, aptitude_type, order_index, is_correct) VALUES ('oz5_05c', 'qz5_05', 'Whisper “want to quiz each other for two minutes?”', 'verbal', 3, NULL) ON CONFLICT (id) DO UPDATE SET label = EXCLUDED.label, aptitude_type = EXCLUDED.aptitude_type, order_index = EXCLUDED.order_index;
INSERT INTO public.question_options (id, question_id, label, aptitude_type, order_index, is_correct) VALUES ('oz5_05d', 'qz5_05', 'Save them a seat so they do not search alone', 'social', 4, NULL) ON CONFLICT (id) DO UPDATE SET label = EXCLUDED.label, aptitude_type = EXCLUDED.aptitude_type, order_index = EXCLUDED.order_index;

-- quiz_006: Mystery Detectives
INSERT INTO public.questions (id, quiz_id, body, order_index, difficulty_level, aptitude_tag) VALUES ('qz6_01', 'quiz_006', 'Cookie jar has fewer cookies than yesterday. First clue?', 1, 1, NULL) ON CONFLICT (id) DO UPDATE SET body = EXCLUDED.body, order_index = EXCLUDED.order_index, difficulty_level = EXCLUDED.difficulty_level, quiz_id = EXCLUDED.quiz_id;
INSERT INTO public.question_options (id, question_id, label, aptitude_type, order_index, is_correct) VALUES ('oz6_01a', 'qz6_01', 'Count crumbs on the counter by color', 'scientific', 1, NULL) ON CONFLICT (id) DO UPDATE SET label = EXCLUDED.label, aptitude_type = EXCLUDED.aptitude_type, order_index = EXCLUDED.order_index;
INSERT INTO public.question_options (id, question_id, label, aptitude_type, order_index, is_correct) VALUES ('oz6_01b', 'qz6_01', 'Make a “wanted” poster for the missing treats', 'creative', 2, NULL) ON CONFLICT (id) DO UPDATE SET label = EXCLUDED.label, aptitude_type = EXCLUDED.aptitude_type, order_index = EXCLUDED.order_index;
INSERT INTO public.question_options (id, question_id, label, aptitude_type, order_index, is_correct) VALUES ('oz6_01c', 'qz6_01', 'Interview suspects with polite questions', 'verbal', 3, NULL) ON CONFLICT (id) DO UPDATE SET label = EXCLUDED.label, aptitude_type = EXCLUDED.aptitude_type, order_index = EXCLUDED.order_index;
INSERT INTO public.question_options (id, question_id, label, aptitude_type, order_index, is_correct) VALUES ('oz6_01d', 'qz6_01', 'Check chair heights for who could reach', 'logical', 4, NULL) ON CONFLICT (id) DO UPDATE SET label = EXCLUDED.label, aptitude_type = EXCLUDED.aptitude_type, order_index = EXCLUDED.order_index;

INSERT INTO public.questions (id, quiz_id, body, order_index, difficulty_level, aptitude_tag) VALUES ('qz6_02', 'quiz_006', 'Library book vanishes from your desk. Next step?', 2, 2, NULL) ON CONFLICT (id) DO UPDATE SET body = EXCLUDED.body, order_index = EXCLUDED.order_index, difficulty_level = EXCLUDED.difficulty_level, quiz_id = EXCLUDED.quiz_id;
INSERT INTO public.question_options (id, question_id, label, aptitude_type, order_index, is_correct) VALUES ('oz6_02a', 'qz6_02', 'Retrace your path on a mini map', 'logical', 1, NULL) ON CONFLICT (id) DO UPDATE SET label = EXCLUDED.label, aptitude_type = EXCLUDED.aptitude_type, order_index = EXCLUDED.order_index;
INSERT INTO public.question_options (id, question_id, label, aptitude_type, order_index, is_correct) VALUES ('oz6_02b', 'qz6_02', 'Design a bookmark with a secret code', 'creative', 2, NULL) ON CONFLICT (id) DO UPDATE SET label = EXCLUDED.label, aptitude_type = EXCLUDED.aptitude_type, order_index = EXCLUDED.order_index;
INSERT INTO public.question_options (id, question_id, label, aptitude_type, order_index, is_correct) VALUES ('oz6_02c', 'qz6_02', 'Ask the librarian for the return scan log', 'verbal', 3, NULL) ON CONFLICT (id) DO UPDATE SET label = EXCLUDED.label, aptitude_type = EXCLUDED.aptitude_type, order_index = EXCLUDED.order_index;
INSERT INTO public.question_options (id, question_id, label, aptitude_type, order_index, is_correct) VALUES ('oz6_02d', 'qz6_02', 'Text your table group if anyone grabbed it', 'social', 4, NULL) ON CONFLICT (id) DO UPDATE SET label = EXCLUDED.label, aptitude_type = EXCLUDED.aptitude_type, order_index = EXCLUDED.order_index;

INSERT INTO public.questions (id, quiz_id, body, order_index, difficulty_level, aptitude_tag) VALUES ('qz6_03', 'quiz_006', 'Footprints appear in fresh snow toward the shed.', 3, 3, NULL) ON CONFLICT (id) DO UPDATE SET body = EXCLUDED.body, order_index = EXCLUDED.order_index, difficulty_level = EXCLUDED.difficulty_level, quiz_id = EXCLUDED.quiz_id;
INSERT INTO public.question_options (id, question_id, label, aptitude_type, order_index, is_correct) VALUES ('oz6_03a', 'qz6_03', 'Measure stride length vs your boots', 'scientific', 1, NULL) ON CONFLICT (id) DO UPDATE SET label = EXCLUDED.label, aptitude_type = EXCLUDED.aptitude_type, order_index = EXCLUDED.order_index;
INSERT INTO public.question_options (id, question_id, label, aptitude_type, order_index, is_correct) VALUES ('oz6_03b', 'qz6_03', 'Storyboard what happened in three panels', 'creative', 2, NULL) ON CONFLICT (id) DO UPDATE SET label = EXCLUDED.label, aptitude_type = EXCLUDED.aptitude_type, order_index = EXCLUDED.order_index;
INSERT INTO public.question_options (id, question_id, label, aptitude_type, order_index, is_correct) VALUES ('oz6_03c', 'qz6_03', 'Radio-style report to a parent', 'verbal', 3, NULL) ON CONFLICT (id) DO UPDATE SET label = EXCLUDED.label, aptitude_type = EXCLUDED.aptitude_type, order_index = EXCLUDED.order_index;
INSERT INTO public.question_options (id, question_id, label, aptitude_type, order_index, is_correct) VALUES ('oz6_03d', 'qz6_03', 'Knock with a buddy before opening the door', 'social', 4, NULL) ON CONFLICT (id) DO UPDATE SET label = EXCLUDED.label, aptitude_type = EXCLUDED.aptitude_type, order_index = EXCLUDED.order_index;

INSERT INTO public.questions (id, quiz_id, body, order_index, difficulty_level, aptitude_tag) VALUES ('qz6_04', 'quiz_006', 'Puzzle box clicks but will not open. Strategy?', 4, 4, NULL) ON CONFLICT (id) DO UPDATE SET body = EXCLUDED.body, order_index = EXCLUDED.order_index, difficulty_level = EXCLUDED.difficulty_level, quiz_id = EXCLUDED.quiz_id;
INSERT INTO public.question_options (id, question_id, label, aptitude_type, order_index, is_correct) VALUES ('oz6_04a', 'qz6_04', 'Try rotations in a written order so you do not repeat', 'logical', 1, NULL) ON CONFLICT (id) DO UPDATE SET label = EXCLUDED.label, aptitude_type = EXCLUDED.aptitude_type, order_index = EXCLUDED.order_index;
INSERT INTO public.question_options (id, question_id, label, aptitude_type, order_index, is_correct) VALUES ('oz6_04b', 'qz6_04', 'Decorate guesses on sticky notes around it', 'creative', 2, NULL) ON CONFLICT (id) DO UPDATE SET label = EXCLUDED.label, aptitude_type = EXCLUDED.aptitude_type, order_index = EXCLUDED.order_index;
INSERT INTO public.question_options (id, question_id, label, aptitude_type, order_index, is_correct) VALUES ('oz6_04c', 'qz6_04', 'Narrate each attempt like a streamer', 'verbal', 3, NULL) ON CONFLICT (id) DO UPDATE SET label = EXCLUDED.label, aptitude_type = EXCLUDED.aptitude_type, order_index = EXCLUDED.order_index;
INSERT INTO public.question_options (id, question_id, label, aptitude_type, order_index, is_correct) VALUES ('oz6_04d', 'qz6_04', 'Swap turns with a sibling every minute', 'social', 4, NULL) ON CONFLICT (id) DO UPDATE SET label = EXCLUDED.label, aptitude_type = EXCLUDED.aptitude_type, order_index = EXCLUDED.order_index;

INSERT INTO public.questions (id, quiz_id, body, order_index, difficulty_level, aptitude_tag) VALUES ('qz6_05', 'quiz_006', 'Secret code note uses shapes instead of letters. Crack it?', 5, 5, NULL) ON CONFLICT (id) DO UPDATE SET body = EXCLUDED.body, order_index = EXCLUDED.order_index, difficulty_level = EXCLUDED.difficulty_level, quiz_id = EXCLUDED.quiz_id;
INSERT INTO public.question_options (id, question_id, label, aptitude_type, order_index, is_correct) VALUES ('oz6_05a', 'qz6_05', 'Build a chart matching shapes to alphabet slots', 'logical', 1, NULL) ON CONFLICT (id) DO UPDATE SET label = EXCLUDED.label, aptitude_type = EXCLUDED.aptitude_type, order_index = EXCLUDED.order_index;
INSERT INTO public.question_options (id, question_id, label, aptitude_type, order_index, is_correct) VALUES ('oz6_05b', 'qz6_05', 'Animate the shapes in a flip-book', 'creative', 2, NULL) ON CONFLICT (id) DO UPDATE SET label = EXCLUDED.label, aptitude_type = EXCLUDED.aptitude_type, order_index = EXCLUDED.order_index;
INSERT INTO public.question_options (id, question_id, label, aptitude_type, order_index, is_correct) VALUES ('oz6_05c', 'qz6_05', 'Read guesses aloud until a word sounds right', 'verbal', 3, NULL) ON CONFLICT (id) DO UPDATE SET label = EXCLUDED.label, aptitude_type = EXCLUDED.aptitude_type, order_index = EXCLUDED.order_index;
INSERT INTO public.question_options (id, question_id, label, aptitude_type, order_index, is_correct) VALUES ('oz6_05d', 'qz6_05', 'Crowdsource ideas with two friends quietly', 'social', 4, NULL) ON CONFLICT (id) DO UPDATE SET label = EXCLUDED.label, aptitude_type = EXCLUDED.aptitude_type, order_index = EXCLUDED.order_index;
